User name,AWS access key,Event time,Event source,Event name,AWS region,Source IP address,User agent,Error code,Resources,Request ID,Event ID,Read-only,Event type,Recipient Account Id,Event category
CloudTrail,,2021-02-21T18:17:09Z,signin.amazonaws.com,ConsoleLogin,us-east-1,140.118.110.164,"Mozilla/5.0 (Windows NT 10.0; Win64; x64) AppleWebKit/537.36 (KHTML, like Gecko) Chrome/88.0.4324.150 Safari/537.36",,[],,818d2241-7215-4f1a-9821-d42e1fcf4062,false,AwsConsoleSignIn,666595451426,Management
Accountant,ASIAZWNBPMIRBWVYO7UI,2021-02-21T18:16:10Z,iam.amazonaws.com,ChangePassword,us-east-1,AWS Internal,AWS Internal,,[],e457aa2c-bddd-409e-9d29-b52db81ce57b,0321cd35-7ea4-454c-b84a-6f0d45ee6c9a,false,AwsApiCall,666595451426,Management
Accountant,,2021-02-21T18:15:49Z,signin.amazonaws.com,ConsoleLogin,us-east-1,140.118.110.164,"Mozilla/5.0 (Windows NT 10.0; Win64; x64) AppleWebKit/537.36 (KHTML, like Gecko) Chrome/88.0.4324.150 Safari/537.36",,[],,9318a823-d306-4476-945c-f34ddfbbc6e7,false,AwsConsoleSignIn,666595451426,Management
CloudTrail,ASIAZWNBPMIRBXQRHUJ7,2021-02-21T18:14:06Z,s3.amazonaws.com,PutBucketPolicy,us-east-1,140.118.110.164,"[AWSCloudTrail, aws-internal/3 aws-sdk-java/1.11.952 Linux/4.9.230-0.1.ac.223.84.332.metal1.x86_64 OpenJDK_64-Bit_Server_VM/25.282-b08 java/1.8.0_282 vendor/Oracle_Corporation]",,"[{""resourceType"":""AWS::S3::Bucket"",""resourceName"":""aws-cloudtrail-logs-666595451426-50687e51""}]",AV8TAG3N3VAP6V5W,018c55e2-bf4b-4652-b14b-c65c3759ce8c,false,AwsApiCall,666595451426,Management
CloudTrail,ASIAZWNBPMIRBXQRHUJ7,2021-02-21T18:14:06Z,s3.amazonaws.com,PutBucketPublicAccessBlock,us-east-1,140.118.110.164,"[AWSCloudTrail, aws-internal/3 aws-sdk-java/1.11.952 Linux/4.9.230-0.1.ac.223.84.332.metal1.x86_64 OpenJDK_64-Bit_Server_VM/25.282-b08 java/1.8.0_282 vendor/Oracle_Corporation]",,"[{""resourceType"":""AWS::S3::Bucket"",""resourceName"":""aws-cloudtrail-logs-666595451426-50687e51""}]",A9D69FFE3BF828E2,134f987a-3ce0-4268-bd89-77cdc34a15b9,false,AwsApiCall,666595451426,Management
CloudTrail,ASIAZWNBPMIRBXQRHUJ7,2021-02-21T18:14:06Z,cloudtrail.amazonaws.com,CreateTrail,us-east-1,140.118.110.164,console.amazonaws.com,,"[{""resourceType"":""AWS::CloudTrail::Trail"",""resourceName"":""Udacity_Trail""},{""resourceType"":""AWS::CloudTrail::Trail"",""resourceName"":""arn:aws:cloudtrail:us-east-1:666595451426:trail/Udacity_Trail""},{""resourceType"":""AWS::S3::Bucket"",""resourceName"":""aws-cloudtrail-logs-666595451426-50687e51""}]",470a1eba-621f-4077-838a-ec499e572ebb,52c1430a-624c-4638-85b8-d713918daaed,false,AwsApiCall,666595451426,Management
CloudTrail,ASIAZWNBPMIRBXQRHUJ7,2021-02-21T18:14:06Z,cloudtrail.amazonaws.com,StartLogging,us-east-1,140.118.110.164,console.amazonaws.com,,"[{""resourceType"":""AWS::CloudTrail::Trail"",""resourceName"":""Udacity_Trail""}]",7a0c7334-659c-40a5-b647-65e0f27651ee,f58a64c9-d445-4059-8c5b-6bd63c7d086e,false,AwsApiCall,666595451426,Management
CloudTrail,ASIAZWNBPMIRBXQRHUJ7,2021-02-21T18:14:05Z,s3.amazonaws.com,CreateBucket,us-east-1,140.118.110.164,"[AWSCloudTrail, aws-internal/3 aws-sdk-java/1.11.952 Linux/4.9.230-0.1.ac.223.84.332.metal1.x86_64 OpenJDK_64-Bit_Server_VM/25.282-b08 java/1.8.0_282 vendor/Oracle_Corporation]",,"[{""resourceType"":""AWS::S3::Bucket"",""resourceName"":""aws-cloudtrail-logs-666595451426-50687e51""}]",0E1CDDF48FB3EF6D,838ecf68-ecd7-47c1-834f-71f151e4be32,false,AwsApiCall,666595451426,Management
CloudTrail,,2021-02-21T18:13:17Z,signin.amazonaws.com,ConsoleLogin,us-east-1,140.118.110.164,"Mozilla/5.0 (Windows NT 10.0; Win64; x64) AppleWebKit/537.36 (KHTML, like Gecko) Chrome/88.0.4324.150 Safari/537.36",,[],,701e2705-a18f-4fef-9f58-a31b116dc996,false,AwsConsoleSignIn,666595451426,Management
Tyler,ASIAZWNBPMIRMTJ6ZA5P,2021-02-21T18:13:00Z,iam.amazonaws.com,CreateLoginProfile,us-east-1,140.118.110.164,console.amazonaws.com,,"[{""resourceType"":""AWS::IAM::User"",""resourceName"":""Accountant""}]",c9ab5cee-30bd-4637-bfd6-f8bebbb918c3,b9de41ab-1a2e-4013-91ca-ffe757f1add0,false,AwsApiCall,666595451426,Management
Tyler,ASIAZWNBPMIRMTJ6ZA5P,2021-02-21T18:12:59Z,iam.amazonaws.com,AttachUserPolicy,us-east-1,140.118.110.164,console.amazonaws.com,,"[{""resourceType"":""AWS::IAM::User"",""resourceName"":""Accountant""},{""resourceType"":""AWS::IAM::Policy"",""resourceName"":""arn:aws:iam::aws:policy/IAMUserChangePassword""}]",4421e233-6ca0-41c0-9c51-1a6b47381dcc,13e8dfb3-544a-4b94-b03b-77a30100c8eb,false,AwsApiCall,666595451426,Management
Tyler,ASIAZWNBPMIRMTJ6ZA5P,2021-02-21T18:12:59Z,iam.amazonaws.com,AddUserToGroup,us-east-1,140.118.110.164,console.amazonaws.com,,"[{""resourceType"":""AWS::IAM::User"",""resourceName"":""Accountant""},{""resourceType"":""AWS::IAM::Group"",""resourceName"":""Reviewers""}]",fca9dc89-97fc-4ee8-9fa8-c067f35a72c4,aeb8a952-82c2-48ba-a734-c845c2dc97db,false,AwsApiCall,666595451426,Management
Tyler,ASIAZWNBPMIRMTJ6ZA5P,2021-02-21T18:12:58Z,iam.amazonaws.com,CreateUser,us-east-1,140.118.110.164,console.amazonaws.com,,"[{""resourceType"":""AWS::IAM::User"",""resourceName"":""arn:aws:iam::666595451426:user/Accountant""},{""resourceType"":""AWS::IAM::User"",""resourceName"":""Accountant""},{""resourceType"":""AWS::IAM::User"",""resourceName"":""AIDAZWNBPMIRNHAT3BWCW""}]",d46ceb88-7666-48f7-9191-b36296a2b27c,1366ceec-301a-4153-a56b-039f9dea5bb9,false,AwsApiCall,666595451426,Management
Tyler,ASIAZWNBPMIRMTJ6ZA5P,2021-02-21T18:11:51Z,iam.amazonaws.com,DeleteLoginProfile,us-east-1,140.118.110.164,console.amazonaws.com,,"[{""resourceType"":""AWS::IAM::User"",""resourceName"":""Accountant""}]",f132511a-df19-4b34-8b3b-f1dde04e2a18,1b14d274-ca4b-44ad-b67f-eefd0440de89,false,AwsApiCall,666595451426,Management
Tyler,ASIAZWNBPMIRMTJ6ZA5P,2021-02-21T18:11:51Z,iam.amazonaws.com,RemoveUserFromGroup,us-east-1,140.118.110.164,console.amazonaws.com,,"[{""resourceType"":""AWS::IAM::User"",""resourceName"":""Accountant""},{""resourceType"":""AWS::IAM::Group"",""resourceName"":""Reviewers""}]",740e98b7-df58-4540-8906-3a10ae84a52d,f6560588-7ff9-4d13-baa7-d8507fb43923,false,AwsApiCall,666595451426,Management
Tyler,ASIAZWNBPMIRMTJ6ZA5P,2021-02-21T18:11:51Z,iam.amazonaws.com,DeleteUser,us-east-1,140.118.110.164,console.amazonaws.com,,"[{""resourceType"":""AWS::IAM::User"",""resourceName"":""Accountant""}]",ef977222-3921-4c13-9a4a-3aa7ca9b542d,fc129d13-8419-4f55-bc5a-16a8860fef28,false,AwsApiCall,666595451426,Management
Tyler,,2021-02-21T18:11:28Z,signin.amazonaws.com,ConsoleLogin,us-east-1,140.118.110.164,"Mozilla/5.0 (Windows NT 10.0; Win64; x64) AppleWebKit/537.36 (KHTML, like Gecko) Chrome/88.0.4324.150 Safari/537.36",,[],,bae966de-1f07-49d8-ab9f-353430dedb38,false,AwsConsoleSignIn,666595451426,Management
CloudTrail,ASIAZWNBPMIRK5ELVYPX,2021-02-21T18:10:55Z,cloudtrail.amazonaws.com,DeleteTrail,us-east-1,140.118.110.164,console.amazonaws.com,,"[{""resourceType"":""AWS::CloudTrail::Trail"",""resourceName"":""arn:aws:cloudtrail:us-east-1:666595451426:trail/Udacity_Trail""}]",287d9536-4f1b-4a72-a7fb-9afa4f64ff97,e0fa127d-c71d-40df-801d-8bdc944e94b3,false,AwsApiCall,666595451426,Management
CloudTrail,ASIAZWNBPMIRK5ELVYPX,2021-02-21T18:09:36Z,cloudtrail.amazonaws.com,StartLogging,us-east-1,140.118.110.164,console.amazonaws.com,,"[{""resourceType"":""AWS::CloudTrail::Trail"",""resourceName"":""arn:aws:cloudtrail:us-east-1:666595451426:trail/Udacity_Trail""}]",29a53c70-bdd5-44e7-b1cf-d5d3bbdeec7d,a1a6ee14-75a6-406b-88be-73f3cd02a83b,false,AwsApiCall,666595451426,Management
CloudTrail,ASIAZWNBPMIRK5ELVYPX,2021-02-21T18:06:54Z,cloudtrail.amazonaws.com,StopLogging,us-east-1,140.118.110.164,console.amazonaws.com,,"[{""resourceType"":""AWS::CloudTrail::Trail"",""resourceName"":""arn:aws:cloudtrail:us-east-1:666595451426:trail/Udacity_Trail""}]",4c1bcfec-7066-4c7d-b5a2-daf83d4f44bf,7c117361-f648-4eba-b4ba-74da209a74da,false,AwsApiCall,666595451426,Management
CloudTrail,,2021-02-21T18:03:13Z,signin.amazonaws.com,ConsoleLogin,us-east-1,140.118.110.164,"Mozilla/5.0 (Windows NT 10.0; Win64; x64) AppleWebKit/537.36 (KHTML, like Gecko) Chrome/88.0.4324.150 Safari/537.36",,[],,a1dbbdf6-d851-4c17-bcba-68602a06a155,false,AwsConsoleSignIn,666595451426,Management
Accountant,,2021-02-21T18:02:20Z,signin.amazonaws.com,ConsoleLogin,us-east-1,140.118.110.164,"Mozilla/5.0 (Windows NT 10.0; Win64; x64) AppleWebKit/537.36 (KHTML, like Gecko) Chrome/88.0.4324.150 Safari/537.36",,[],,e9102200-976d-4790-aab9-1191c4f806be,false,AwsConsoleSignIn,666595451426,Management
CloudTrail,,2021-02-21T18:00:15Z,signin.amazonaws.com,ConsoleLogin,us-east-1,140.118.110.164,"Mozilla/5.0 (Windows NT 10.0; Win64; x64) AppleWebKit/537.36 (KHTML, like Gecko) Chrome/88.0.4324.150 Safari/537.36",,[],,5a5caf07-ee74-4f20-a997-07bae95160cd,false,AwsConsoleSignIn,666595451426,Management
Accountant,,2021-02-21T17:57:20Z,signin.amazonaws.com,ConsoleLogin,us-east-1,140.118.110.164,"Mozilla/5.0 (Windows NT 10.0; Win64; x64) AppleWebKit/537.36 (KHTML, like Gecko) Chrome/88.0.4324.150 Safari/537.36",,[],,4a36e3e5-2ccb-4587-8333-9152c9f2f1d2,false,AwsConsoleSignIn,666595451426,Management
CloudTrail,,2021-02-21T17:54:11Z,signin.amazonaws.com,ConsoleLogin,us-east-1,140.118.110.164,"Mozilla/5.0 (Windows NT 10.0; Win64; x64) AppleWebKit/537.36 (KHTML, like Gecko) Chrome/88.0.4324.150 Safari/537.36",,[],,6c54e65c-6c0d-4b55-b743-67ecaa3eb800,false,AwsConsoleSignIn,666595451426,Management
Tyler,ASIAZWNBPMIRA24A7UVQ,2021-02-21T17:53:52Z,iam.amazonaws.com,AttachGroupPolicy,us-east-1,140.118.110.164,console.amazonaws.com,,"[{""resourceType"":""AWS::IAM::Policy"",""resourceName"":""arn:aws:iam::aws:policy/IAMFullAccess""},{""resourceType"":""AWS::IAM::Group"",""resourceName"":""CloudTrailAdmins""}]",0d539ffe-37b4-406d-bd09-4dbc515e175d,6f13ad04-16d3-4fa3-937e-d372f93d54de,false,AwsApiCall,666595451426,Management
Tyler,,2021-02-21T17:51:07Z,signin.amazonaws.com,ConsoleLogin,us-east-1,140.118.110.164,"Mozilla/5.0 (Windows NT 10.0; Win64; x64) AppleWebKit/537.36 (KHTML, like Gecko) Chrome/88.0.4324.150 Safari/537.36",,[],,3d9447d9-8622-4b92-8afb-d8f62c863af3,false,AwsConsoleSignIn,666595451426,Management
CloudTrail,ASIAZWNBPMIRGJNXVULT,2021-02-21T17:49:15Z,logs.amazonaws.com,CreateLogGroup,us-east-1,140.118.110.164,"AWSCloudTrail, aws-internal/3 aws-sdk-java/1.11.952 Linux/4.9.230-0.1.ac.223.84.332.metal1.x86_64 OpenJDK_64-Bit_Server_VM/25.282-b08 java/1.8.0_282 vendor/Oracle_Corporation",,[],0c934a6c-4851-4239-aad9-3f523d3b1066,5a9425a3-4231-4248-8a9b-6102410e12c5,false,AwsApiCall,666595451426,Management
CloudTrail,ASIAZWNBPMIRGJNXVULT,2021-02-21T17:49:14Z,kms.amazonaws.com,CreateAlias,us-east-1,140.118.110.164,"AWSCloudTrail, aws-internal/3 aws-sdk-java/1.11.952 Linux/4.9.230-0.1.ac.223.84.332.metal1.x86_64 OpenJDK_64-Bit_Server_VM/25.282-b08 java/1.8.0_282 vendor/Oracle_Corporation",,[],69d14013-4041-49b3-93f2-5e77bab2f876,21582acd-f5d2-4c21-8a26-33e09388d37e,false,AwsApiCall,666595451426,Management
CloudTrail,ASIAZWNBPMIRGJNXVULT,2021-02-21T17:49:14Z,cloudtrail.amazonaws.com,PutEventSelectors,us-east-1,140.118.110.164,console.amazonaws.com,,"[{""resourceType"":""AWS::CloudTrail::Trail"",""resourceName"":""Udacity_Trail""},{""resourceType"":""AWS::CloudTrail::Trail"",""resourceName"":""arn:aws:cloudtrail:us-east-1:666595451426:trail/Udacity_Trail""}]",f5304217-2539-4801-ae31-4ae774435214,2f0938a9-a76f-4449-be70-a61c1fed9c07,false,AwsApiCall,666595451426,Management
CloudTrail,ASIAZWNBPMIRGJNXVULT,2021-02-21T17:49:14Z,cloudtrail.amazonaws.com,PutInsightSelectors,us-east-1,140.118.110.164,console.amazonaws.com,,"[{""resourceType"":""AWS::CloudTrail::Trail"",""resourceName"":""Udacity_Trail""},{""resourceType"":""AWS::CloudTrail::Trail"",""resourceName"":""arn:aws:cloudtrail:us-east-1:666595451426:trail/Udacity_Trail""}]",3cb48405-7dc4-4bed-9a7c-eaa9f3505cc2,46a31d49-4282-403a-9486-619ddd5e89c7,false,AwsApiCall,666595451426,Management
CloudTrail,ASIAZWNBPMIRGJNXVULT,2021-02-21T17:49:14Z,s3.amazonaws.com,PutBucketPublicAccessBlock,us-east-1,140.118.110.164,"[AWSCloudTrail, aws-internal/3 aws-sdk-java/1.11.952 Linux/4.9.230-0.1.ac.223.84.332.metal1.x86_64 OpenJDK_64-Bit_Server_VM/25.282-b08 java/1.8.0_282 vendor/Oracle_Corporation]",,"[{""resourceType"":""AWS::S3::Bucket"",""resourceName"":""aws-cloudtrail-logs-666595451426-8e9da38e""}]",CC41AA524689D940,8fcbfd6d-7188-4a0f-bbce-d1961f0f8f55,false,AwsApiCall,666595451426,Management
CloudTrail,ASIAZWNBPMIRGJNXVULT,2021-02-21T17:49:14Z,s3.amazonaws.com,PutBucketPolicy,us-east-1,140.118.110.164,"[AWSCloudTrail, aws-internal/3 aws-sdk-java/1.11.952 Linux/4.9.230-0.1.ac.223.84.332.metal1.x86_64 OpenJDK_64-Bit_Server_VM/25.282-b08 java/1.8.0_282 vendor/Oracle_Corporation]",,"[{""resourceType"":""AWS::S3::Bucket"",""resourceName"":""aws-cloudtrail-logs-666595451426-8e9da38e""}]",E48E5FC864330541,96a949a1-4dc9-4224-8688-c73640c8d725,false,AwsApiCall,666595451426,Management
CloudTrail,ASIAZWNBPMIRGJNXVULT,2021-02-21T17:49:14Z,kms.amazonaws.com,CreateKey,us-east-1,140.118.110.164,"AWSCloudTrail, aws-internal/3 aws-sdk-java/1.11.952 Linux/4.9.230-0.1.ac.223.84.332.metal1.x86_64 OpenJDK_64-Bit_Server_VM/25.282-b08 java/1.8.0_282 vendor/Oracle_Corporation",,"[{""resourceType"":""AWS::KMS::Key"",""resourceName"":""c3e32da6-4b45-4e8b-95f1-9b7a07902a3a""}]",db99558b-d84b-4fef-8944-43b24626dbd6,ef668d41-fbb9-423e-afa8-1b353e291597,false,AwsApiCall,666595451426,Management
CloudTrail,ASIAZWNBPMIRGJNXVULT,2021-02-21T17:49:14Z,cloudtrail.amazonaws.com,StartLogging,us-east-1,140.118.110.164,console.amazonaws.com,,"[{""resourceType"":""AWS::CloudTrail::Trail"",""resourceName"":""Udacity_Trail""}]",23ea34ce-2f65-41eb-8d9a-03f90417c9c7,f0666379-fcad-4a21-a10a-8912c6356468,false,AwsApiCall,666595451426,Management
CloudTrail,ASIAZWNBPMIRGJNXVULT,2021-02-21T17:49:14Z,cloudtrail.amazonaws.com,CreateTrail,us-east-1,140.118.110.164,console.amazonaws.com,,"[{""resourceType"":""AWS::CloudTrail::Trail"",""resourceName"":""Udacity_Trail""},{""resourceType"":""AWS::CloudTrail::Trail"",""resourceName"":""arn:aws:cloudtrail:us-east-1:666595451426:trail/Udacity_Trail""},{""resourceType"":""AWS::S3::Bucket"",""resourceName"":""aws-cloudtrail-logs-666595451426-8e9da38e""},{""resourceType"":""AWS::KMS::Key"",""resourceName"":""arn:aws:kms:us-east-1:666595451426:key/c3e32da6-4b45-4e8b-95f1-9b7a07902a3a""}]",859208c2-9e5b-438a-b532-43c24267eac7,fd12471d-8949-4dd2-a8d3-18a788bf9dfb,false,AwsApiCall,666595451426,Management
CloudTrail,ASIAZWNBPMIRGJNXVULT,2021-02-21T17:49:13Z,s3.amazonaws.com,CreateBucket,us-east-1,140.118.110.164,"[AWSCloudTrail, aws-internal/3 aws-sdk-java/1.11.952 Linux/4.9.230-0.1.ac.223.84.332.metal1.x86_64 OpenJDK_64-Bit_Server_VM/25.282-b08 java/1.8.0_282 vendor/Oracle_Corporation]",,"[{""resourceType"":""AWS::S3::Bucket"",""resourceName"":""aws-cloudtrail-logs-666595451426-8e9da38e""}]",B8F5ABA4003A49F7,5fde76c2-0e33-4370-bc94-5010b77cb0dc,false,AwsApiCall,666595451426,Management
CloudTrail,,2021-02-21T17:47:15Z,signin.amazonaws.com,ConsoleLogin,us-east-1,140.118.110.164,"Mozilla/5.0 (Windows NT 10.0; Win64; x64) AppleWebKit/537.36 (KHTML, like Gecko) Chrome/88.0.4324.150 Safari/537.36",,[],,e9ea5b12-a66b-4843-a5b5-b45dcdef5764,false,AwsConsoleSignIn,666595451426,Management
Tyler,ASIAZWNBPMIRFAFWHIK2,2021-02-21T17:46:01Z,iam.amazonaws.com,AttachGroupPolicy,us-east-1,140.118.110.164,console.amazonaws.com,,"[{""resourceType"":""AWS::IAM::Policy"",""resourceName"":""arn:aws:iam::aws:policy/AmazonS3FullAccess""},{""resourceType"":""AWS::IAM::Group"",""resourceName"":""CloudTrailAdmins""}]",ad3949d9-4ce9-45e5-8148-708e45e37e86,effd2240-c7a8-4989-9b3a-d199583c989a,false,AwsApiCall,666595451426,Management
Tyler,,2021-02-21T17:44:56Z,signin.amazonaws.com,ConsoleLogin,us-east-1,140.118.110.164,"Mozilla/5.0 (Windows NT 10.0; Win64; x64) AppleWebKit/537.36 (KHTML, like Gecko) Chrome/88.0.4324.150 Safari/537.36",,[],,d5725a9e-ab4e-4a79-bae9-1263ebad75c3,false,AwsConsoleSignIn,666595451426,Management
CloudTrail,ASIAZWNBPMIRPE4UH3VU,2021-02-21T17:43:29Z,s3.amazonaws.com,PutBucketPublicAccessBlock,us-east-1,140.118.110.164,"[AWSCloudTrail, aws-internal/3 aws-sdk-java/1.11.952 Linux/4.9.230-0.1.ac.223.84.332.metal1.x86_64 OpenJDK_64-Bit_Server_VM/25.282-b08 java/1.8.0_282 vendor/Oracle_Corporation]",AccessDenied,"[{""resourceType"":""AWS::S3::Bucket"",""resourceName"":""aws-cloudtrail-logs-666595451426-57856949""}]",9427CC20F3CA5F86,a44fc2ff-c820-49c2-b9be-4cf2fd98fd1d,false,AwsApiCall,666595451426,Management
CloudTrail,ASIAZWNBPMIRPE4UH3VU,2021-02-21T17:43:29Z,s3.amazonaws.com,PutBucketPolicy,us-east-1,140.118.110.164,"[AWSCloudTrail, aws-internal/3 aws-sdk-java/1.11.952 Linux/4.9.230-0.1.ac.223.84.332.metal1.x86_64 OpenJDK_64-Bit_Server_VM/25.282-b08 java/1.8.0_282 vendor/Oracle_Corporation]",,"[{""resourceType"":""AWS::S3::Bucket"",""resourceName"":""aws-cloudtrail-logs-666595451426-57856949""}]",6809EE1FD1666B4E,a768fa29-4184-4657-b1a7-55df47f35b92,false,AwsApiCall,666595451426,Management
CloudTrail,ASIAZWNBPMIRPE4UH3VU,2021-02-21T17:43:29Z,s3.amazonaws.com,CreateBucket,us-east-1,140.118.110.164,"[AWSCloudTrail, aws-internal/3 aws-sdk-java/1.11.952 Linux/4.9.230-0.1.ac.223.84.332.metal1.x86_64 OpenJDK_64-Bit_Server_VM/25.282-b08 java/1.8.0_282 vendor/Oracle_Corporation]",,"[{""resourceType"":""AWS::S3::Bucket"",""resourceName"":""aws-cloudtrail-logs-666595451426-57856949""}]",9QFM4P1VFR2RDTDG,cde233ef-6cca-490f-8495-0d9a39ea0306,false,AwsApiCall,666595451426,Management
CloudTrail,ASIAZWNBPMIRPE4UH3VU,2021-02-21T17:33:58Z,s3.amazonaws.com,PutBucketPolicy,us-east-1,140.118.110.164,"[AWSCloudTrail, aws-internal/3 aws-sdk-java/1.11.952 Linux/4.9.230-0.1.ac.223.84.332.metal1.x86_64 OpenJDK_64-Bit_Server_VM/25.282-b08 java/1.8.0_282 vendor/Oracle_Corporation]",,"[{""resourceType"":""AWS::S3::Bucket"",""resourceName"":""aws-cloudtrail-logs-666595451426-afbe2726""}]",1C844C8654853FC5,68f76245-7eac-4636-8369-4974d02ead2a,false,AwsApiCall,666595451426,Management
CloudTrail,ASIAZWNBPMIRPE4UH3VU,2021-02-21T17:33:58Z,s3.amazonaws.com,CreateBucket,us-east-1,140.118.110.164,"[AWSCloudTrail, aws-internal/3 aws-sdk-java/1.11.952 Linux/4.9.230-0.1.ac.223.84.332.metal1.x86_64 OpenJDK_64-Bit_Server_VM/25.282-b08 java/1.8.0_282 vendor/Oracle_Corporation]",,"[{""resourceType"":""AWS::S3::Bucket"",""resourceName"":""aws-cloudtrail-logs-666595451426-afbe2726""}]",B7AEEDB34218ED3F,8af8d06f-eebe-4d46-8554-6e3a571b1262,false,AwsApiCall,666595451426,Management
CloudTrail,ASIAZWNBPMIRPE4UH3VU,2021-02-21T17:33:58Z,s3.amazonaws.com,PutBucketPublicAccessBlock,us-east-1,140.118.110.164,"[AWSCloudTrail, aws-internal/3 aws-sdk-java/1.11.952 Linux/4.9.230-0.1.ac.223.84.332.metal1.x86_64 OpenJDK_64-Bit_Server_VM/25.282-b08 java/1.8.0_282 vendor/Oracle_Corporation]",AccessDenied,"[{""resourceType"":""AWS::S3::Bucket"",""resourceName"":""aws-cloudtrail-logs-666595451426-afbe2726""}]",F44A50C8A20FBC68,9648ff60-2a30-41c5-8bb0-557e2e7f41ee,false,AwsApiCall,666595451426,Management
CloudTrail,,2021-02-21T17:33:21Z,signin.amazonaws.com,ConsoleLogin,us-east-1,140.118.110.164,"Mozilla/5.0 (Windows NT 10.0; Win64; x64) AppleWebKit/537.36 (KHTML, like Gecko) Chrome/88.0.4324.150 Safari/537.36",,[],,2fe1830f-f520-4a50-8f4f-add6da665582,false,AwsConsoleSignIn,666595451426,Management
Tyler,ASIAZWNBPMIRNX2VL2WL,2021-02-21T17:32:04Z,iam.amazonaws.com,CreateLoginProfile,us-east-1,140.118.110.164,console.amazonaws.com,,"[{""resourceType"":""AWS::IAM::User"",""resourceName"":""Accountant""}]",16018477-c808-4925-84a6-af782565565e,fe6bd686-027a-490a-8d7e-986afd0cb684,false,AwsApiCall,666595451426,Management
Tyler,ASIAZWNBPMIRNX2VL2WL,2021-02-21T17:32:02Z,iam.amazonaws.com,CreateUser,us-east-1,140.118.110.164,console.amazonaws.com,,"[{""resourceType"":""AWS::IAM::User"",""resourceName"":""arn:aws:iam::666595451426:user/Accountant""},{""resourceType"":""AWS::IAM::User"",""resourceName"":""Accountant""},{""resourceType"":""AWS::IAM::User"",""resourceName"":""AIDAZWNBPMIRI7Q4BNT7A""}]",f0b12950-0f36-42cc-aebb-5eb75179bc3d,5898917b-62a0-45d1-987c-7bdc273fb23c,false,AwsApiCall,666595451426,Management
Tyler,ASIAZWNBPMIRNX2VL2WL,2021-02-21T17:32:02Z,iam.amazonaws.com,AddUserToGroup,us-east-1,140.118.110.164,console.amazonaws.com,,"[{""resourceType"":""AWS::IAM::User"",""resourceName"":""Accountant""},{""resourceType"":""AWS::IAM::Group"",""resourceName"":""Reviewers""}]",51a418f9-b80e-4ad2-875b-c9c2a6137e2b,e13d1ae8-a539-46be-a290-f4c1f2dce4c2,false,AwsApiCall,666595451426,Management
Tyler,ASIAZWNBPMIRNX2VL2WL,2021-02-21T17:31:10Z,iam.amazonaws.com,CreateLoginProfile,us-east-1,140.118.110.164,console.amazonaws.com,,"[{""resourceType"":""AWS::IAM::User"",""resourceName"":""CloudTrail""}]",c50a724c-cbc8-4a47-8db0-a87f39f8504d,3d614ee9-3b18-4efd-b7bc-738db3a86e4e,false,AwsApiCall,666595451426,Management
Tyler,ASIAZWNBPMIRNX2VL2WL,2021-02-21T17:31:09Z,iam.amazonaws.com,AddUserToGroup,us-east-1,140.118.110.164,console.amazonaws.com,,"[{""resourceType"":""AWS::IAM::User"",""resourceName"":""CloudTrail""},{""resourceType"":""AWS::IAM::Group"",""resourceName"":""CloudTrailAdmins""}]",a79af7ba-2da6-4743-a17f-62a4867855e9,4b9f6261-319f-47b1-8259-b484ab85f609,false,AwsApiCall,666595451426,Management
Tyler,ASIAZWNBPMIRNX2VL2WL,2021-02-21T17:31:08Z,iam.amazonaws.com,CreateUser,us-east-1,140.118.110.164,console.amazonaws.com,,"[{""resourceType"":""AWS::IAM::User"",""resourceName"":""arn:aws:iam::666595451426:user/CloudTrail""},{""resourceType"":""AWS::IAM::User"",""resourceName"":""AIDAZWNBPMIRC6QG7WXRW""},{""resourceType"":""AWS::IAM::User"",""resourceName"":""CloudTrail""}]",b48ea750-48ef-4205-bdba-83779381d9c0,0b41d11f-6523-448c-bab1-eacdb25a64bb,false,AwsApiCall,666595451426,Management
Tyler,ASIAZWNBPMIRNX2VL2WL,2021-02-21T17:29:30Z,iam.amazonaws.com,AttachGroupPolicy,us-east-1,140.118.110.164,console.amazonaws.com,,"[{""resourceType"":""AWS::IAM::Policy"",""resourceName"":""arn:aws:iam::aws:policy/job-function/Billing""},{""resourceType"":""AWS::IAM::Group"",""resourceName"":""Reviewers""}]",fd55b2e2-55c5-412d-96ff-72c2a5b8e57d,0dee07d6-0a42-41c4-9156-be31bfdcb88c,false,AwsApiCall,666595451426,Management
Tyler,ASIAZWNBPMIRNX2VL2WL,2021-02-21T17:29:30Z,iam.amazonaws.com,CreateGroup,us-east-1,140.118.110.164,console.amazonaws.com,,"[{""resourceType"":""AWS::IAM::Group"",""resourceName"":""AGPAZWNBPMIRDCOPQ7JVE""},{""resourceType"":""AWS::IAM::Group"",""resourceName"":""Reviewers""},{""resourceType"":""AWS::IAM::Group"",""resourceName"":""arn:aws:iam::666595451426:group/Reviewers""}]",dde15780-54b0-4c58-be4a-4f5640a769f2,d3b5139f-7441-422d-8657-8c00acd96987,false,AwsApiCall,666595451426,Management
Tyler,ASIAZWNBPMIRNX2VL2WL,2021-02-21T17:28:09Z,iam.amazonaws.com,AttachGroupPolicy,us-east-1,140.118.110.164,console.amazonaws.com,,"[{""resourceType"":""AWS::IAM::Policy"",""resourceName"":""arn:aws:iam::aws:policy/AWSCloudTrailReadOnlyAccess""},{""resourceType"":""AWS::IAM::Group"",""resourceName"":""CloudTrailAdmins""}]",f3831ed9-518c-4bad-b594-b0d466f45f1a,66479013-38f4-432d-b78c-57d07c64fdbe,false,AwsApiCall,666595451426,Management
Tyler,ASIAZWNBPMIRNX2VL2WL,2021-02-21T17:27:48Z,iam.amazonaws.com,AttachGroupPolicy,us-east-1,140.118.110.164,console.amazonaws.com,,"[{""resourceType"":""AWS::IAM::Policy"",""resourceName"":""arn:aws:iam::aws:policy/AWSCloudTrail_FullAccess""},{""resourceType"":""AWS::IAM::Group"",""resourceName"":""CloudTrailAdmins""}]",5dac65de-7bd6-4333-bc3c-d7d6fe63ff34,845458eb-a281-442d-82cf-f77e4a2774c2,false,AwsApiCall,666595451426,Management
Tyler,ASIAZWNBPMIRNX2VL2WL,2021-02-21T17:27:48Z,iam.amazonaws.com,CreateGroup,us-east-1,140.118.110.164,console.amazonaws.com,,"[{""resourceType"":""AWS::IAM::Group"",""resourceName"":""arn:aws:iam::666595451426:group/CloudTrailAdmins""},{""resourceType"":""AWS::IAM::Group"",""resourceName"":""CloudTrailAdmins""},{""resourceType"":""AWS::IAM::Group"",""resourceName"":""AGPAZWNBPMIRBRHMRHEPB""}]",c84a0258-83d8-495e-ba7a-38901b903897,d1f5b3ee-dfbb-4808-a992-6f6728da9cd9,false,AwsApiCall,666595451426,Management
Tyler,ASIAZWNBPMIRNX2VL2WL,2021-02-21T17:24:36Z,iam.amazonaws.com,UpdateAccountPasswordPolicy,us-east-1,140.118.110.164,console.amazonaws.com,,[],2b55183c-b0b7-4285-bac3-485ecd4db354,0a224fb7-0e25-4fb7-8edc-146256c3c52a,false,AwsApiCall,666595451426,Management
Tyler,,2021-02-21T17:21:37Z,signin.amazonaws.com,ConsoleLogin,us-east-1,140.118.110.164,"Mozilla/5.0 (Windows NT 10.0; Win64; x64) AppleWebKit/537.36 (KHTML, like Gecko) Chrome/88.0.4324.150 Safari/537.36",,[],,7c53cb37-aee8-4299-8287-829fd3b0d4ba,false,AwsConsoleSignIn,666595451426,Management
root,,2021-02-21T09:55:09Z,signin.amazonaws.com,ConsoleLogin,us-east-1,123.194.176.11,"Mozilla/5.0 (Windows NT 10.0; Win64; x64) AppleWebKit/537.36 (KHTML, like Gecko) Chrome/88.0.4324.182 Safari/537.36",,[],,0ad791ca-1b98-43fa-b4e8-3e97fa3decef,false,AwsConsoleSignIn,666595451426,Management
Tyler,,2021-02-19T02:06:03Z,signin.amazonaws.com,ConsoleLogin,us-east-1,220.136.144.6,"Mozilla/5.0 (Windows NT 10.0; Win64; x64) AppleWebKit/537.36 (KHTML, like Gecko) Chrome/88.0.4324.150 Safari/537.36",,[],,926c9249-20d3-462e-bd9f-787a5d7ea7b7,false,AwsConsoleSignIn,666595451426,Management
root,ASIAZWNBPMIRGQP5F34P,2021-02-19T02:05:17Z,iam.amazonaws.com,CreateAccessKey,us-east-1,220.136.144.6,console.amazonaws.com,,"[{""resourceType"":""AWS::IAM::AccessKey"",""resourceName"":""AKIAZWNBPMIRKCMYJJHQ""},{""resourceType"":""AWS::IAM::User"",""resourceName"":""Tyler""}]",49ab1670-f18a-4cf6-994d-c02bcf6cfb8a,b34cea35-df68-415a-87a0-0527b07f584f,false,AwsApiCall,666595451426,Management
root,ASIAZWNBPMIRGQP5F34P,2021-02-19T02:05:17Z,iam.amazonaws.com,CreateLoginProfile,us-east-1,220.136.144.6,console.amazonaws.com,,"[{""resourceType"":""AWS::IAM::User"",""resourceName"":""Tyler""}]",45af2223-a3f3-4149-ac8b-9543d06fad09,f5ed0341-421b-4a33-8310-19a7c8ee4e3e,false,AwsApiCall,666595451426,Management
root,ASIAZWNBPMIRGQP5F34P,2021-02-19T02:05:16Z,iam.amazonaws.com,CreateUser,us-east-1,220.136.144.6,console.amazonaws.com,,"[{""resourceType"":""AWS::IAM::User"",""resourceName"":""arn:aws:iam::666595451426:user/Tyler""},{""resourceType"":""AWS::IAM::User"",""resourceName"":""AIDAZWNBPMIRNA5CSUEHH""},{""resourceType"":""AWS::IAM::User"",""resourceName"":""Tyler""}]",a90ab030-978d-4f9a-af62-496afec6ec83,24974636-7ef1-46a6-b2b2-c438a50ed50e,false,AwsApiCall,666595451426,Management
root,ASIAZWNBPMIRGQP5F34P,2021-02-19T02:05:16Z,iam.amazonaws.com,AddUserToGroup,us-east-1,220.136.144.6,console.amazonaws.com,,"[{""resourceType"":""AWS::IAM::User"",""resourceName"":""Tyler""},{""resourceType"":""AWS::IAM::Group"",""resourceName"":""AdminGroup""}]",dcdac93d-2dfc-42d8-b160-ea9422c25305,5b1ba08b-10b8-4707-a792-72a3678a1b95,false,AwsApiCall,666595451426,Management
root,ASIAZWNBPMIRGQP5F34P,2021-02-19T02:04:54Z,iam.amazonaws.com,AttachGroupPolicy,us-east-1,220.136.144.6,console.amazonaws.com,,"[{""resourceType"":""AWS::IAM::Policy"",""resourceName"":""arn:aws:iam::aws:policy/AdministratorAccess""},{""resourceType"":""AWS::IAM::Group"",""resourceName"":""AdminGroup""}]",f68f2d41-658d-4215-801b-a3e783fbb844,8afcad98-dfea-4655-bc5b-bbfa15fed5da,false,AwsApiCall,666595451426,Management
root,ASIAZWNBPMIRGQP5F34P,2021-02-19T02:04:53Z,iam.amazonaws.com,CreateGroup,us-east-1,220.136.144.6,console.amazonaws.com,,"[{""resourceType"":""AWS::IAM::Group"",""resourceName"":""AGPAZWNBPMIROTJNNPPCM""},{""resourceType"":""AWS::IAM::Group"",""resourceName"":""AdminGroup""},{""resourceType"":""AWS::IAM::Group"",""resourceName"":""arn:aws:iam::666595451426:group/AdminGroup""}]",7a4b04d6-4152-441e-945d-a4a0fd137b37,b008a619-68ed-4a9d-8cc4-beeed8c14cdd,false,AwsApiCall,666595451426,Management
root,ASIAZWNBPMIRBJYZ2EY6,2021-02-19T02:02:23Z,billingconsole.amazonaws.com,SetIAMAccessPreference,us-east-1,220.136.144.6,"Mozilla/5.0 (Windows NT 10.0; Win64; x64) AppleWebKit/537.36 (KHTML, like Gecko) Chrome/88.0.4324.150 Safari/537.36",,[],,fd97cddf-9dd0-42d8-bf0b-d4e6c7076394,false,AwsConsoleAction,666595451426,Management
root,,2021-02-19T02:01:22Z,signin.amazonaws.com,ConsoleLogin,us-east-1,220.136.144.6,"Mozilla/5.0 (Windows NT 10.0; Win64; x64) AppleWebKit/537.36 (KHTML, like Gecko) Chrome/88.0.4324.150 Safari/537.36",,[],,ac3fb736-ea50-4a97-89b0-90b213def60e,false,AwsConsoleSignIn,666595451426,Management
root,ASIAZWNBPMIRAXHQBZW6,2021-02-19T01:33:04Z,dynamodb.amazonaws.com,DescribeKinesisStreamingDestination,us-east-1,220.136.144.6,console.amazonaws.com,,[],QDHFSMN66CJ9APRJENLGM3SBA7VV4KQNSO5AEMVJF66Q9ASUAAJG,aa5cce70-0155-47bf-8e0e-b1080b945e4e,false,AwsApiCall,666595451426,Management
root,ASIAZWNBPMIRAXHQBZW6,2021-02-19T01:33:03Z,monitoring.amazonaws.com,DeleteAlarms,us-east-1,220.136.144.6,console.amazonaws.com,,"[{""resourceType"":""AWS::CloudWatch::Alarm"",""resourceName"":""dynamoDB-udacity-WriteCapacityUnitsLimit-BasicAlarm""},{""resourceType"":""AWS::CloudWatch::Alarm"",""resourceName"":""dynamoDB-udacity-ReadCapacityUnitsLimit-BasicAlarm""}]",d4e7721d-d3ee-4d6c-9467-673d6bceb76b,3e351469-18ca-4277-872e-5b2b32c6e61f,false,AwsApiCall,666595451426,Management
root,ASIAZWNBPMIRAXHQBZW6,2021-02-19T01:33:02Z,dynamodb.amazonaws.com,DeleteTable,us-east-1,220.136.144.6,console.amazonaws.com,,"[{""resourceType"":""AWS::DynamoDB::Table"",""resourceName"":""arn:aws:dynamodb:us-east-1:666595451426:table/dynamoDB-udacity""},{""resourceType"":""AWS::DynamoDB::Table"",""resourceName"":""63047e79-a133-435f-bd89-746343e13032""},{""resourceType"":""AWS::DynamoDB::Table"",""resourceName"":""dynamoDB-udacity""}]",CEAV700QOT2DG71QMRE9102B0BVV4KQNSO5AEMVJF66Q9ASUAAJG,f29da8f4-29c4-439f-952b-bface6012e68,false,AwsApiCall,666595451426,Management
root,ASIAZWNBPMIRAXHQBZW6,2021-02-19T01:30:28Z,dynamodb.amazonaws.com,DescribeKinesisStreamingDestination,us-east-1,220.136.144.6,console.amazonaws.com,,[],RMNS6O8Q2A8CCS7RS8LBAJIA67VV4KQNSO5AEMVJF66Q9ASUAAJG,11a0cb58-82ef-4e11-94bd-fce118809f2a,false,AwsApiCall,666595451426,Management
root,ASIAZWNBPMIRAXHQBZW6,2021-02-19T01:30:28Z,dynamodb.amazonaws.com,ListContributorInsights,us-east-1,220.136.144.6,console.amazonaws.com,,[],9VU8R0TVPLS4O13NELT7TCKBUJVV4KQNSO5AEMVJF66Q9ASUAAJG,7c4cffab-93b6-4e0f-b888-840de802cbce,false,AwsApiCall,666595451426,Management
root,ASIAZWNBPMIRAXHQBZW6,2021-02-19T01:29:08Z,dynamodb.amazonaws.com,ListContributorInsights,us-east-1,220.136.144.6,console.amazonaws.com,,[],RFHG2H4H1JMFU46UP92FDVGHJ7VV4KQNSO5AEMVJF66Q9ASUAAJG,1cedd3db-b019-4310-a175-1815ba477d6e,false,AwsApiCall,666595451426,Management
root,ASIAZWNBPMIRAXHQBZW6,2021-02-19T01:29:08Z,dynamodb.amazonaws.com,DescribeKinesisStreamingDestination,us-east-1,220.136.144.6,console.amazonaws.com,,[],D5GTL7RPPA6VRCH2LGO9V6IQONVV4KQNSO5AEMVJF66Q9ASUAAJG,b41afc99-1a48-4d2f-8031-f28d26bad428,false,AwsApiCall,666595451426,Management
root,ASIAZWNBPMIRAXHQBZW6,2021-02-19T01:27:49Z,dynamodb.amazonaws.com,DescribeKinesisStreamingDestination,us-east-1,220.136.144.6,console.amazonaws.com,ResourceNotFoundException,[],T5PV5IIB6VM78BGKVDP6E9VALFVV4KQNSO5AEMVJF66Q9ASUAAJG,245fec61-886d-4ceb-a32f-da476b4ace5d,false,AwsApiCall,666595451426,Management
root,ASIAZWNBPMIRAXHQBZW6,2021-02-19T01:27:48Z,monitoring.amazonaws.com,PutMetricAlarm,us-east-1,220.136.144.6,console.amazonaws.com,,"[{""resourceType"":""AWS::CloudWatch::Alarm"",""resourceName"":""dynamoDB-udacity-WriteCapacityUnitsLimit-BasicAlarm""}]",71341422-870e-44a4-a49e-b0533c968406,5df45ea8-838c-4992-abf2-f6de339f8d2d,false,AwsApiCall,666595451426,Management
root,ASIAZWNBPMIRAXHQBZW6,2021-02-19T01:27:48Z,monitoring.amazonaws.com,PutMetricAlarm,us-east-1,220.136.144.6,console.amazonaws.com,,"[{""resourceType"":""AWS::CloudWatch::Alarm"",""resourceName"":""dynamoDB-udacity-ReadCapacityUnitsLimit-BasicAlarm""}]",125c4fa3-91b7-407c-b4e4-b8c459a05857,7ddab258-1ed8-4a3b-ae15-9fe273ae1900,false,AwsApiCall,666595451426,Management
root,ASIAZWNBPMIRAXHQBZW6,2021-02-19T01:27:47Z,sns.amazonaws.com,CreateTopic,us-east-1,220.136.144.6,console.amazonaws.com,,"[{""resourceType"":""AWS::SNS::Topic"",""resourceName"":""arn:aws:sns:us-east-1:666595451426:dynamodb""}]",60a3bb32-ced0-584c-a687-e39bd8839c42,035fed2d-5bad-4310-8441-b7a6de73e282,false,AwsApiCall,666595451426,Management
root,ASIAZWNBPMIRAXHQBZW6,2021-02-19T01:27:47Z,dynamodb.amazonaws.com,CreateTable,us-east-1,220.136.144.6,console.amazonaws.com,,"[{""resourceType"":""AWS::DynamoDB::Table"",""resourceName"":""arn:aws:dynamodb:us-east-1:666595451426:table/dynamoDB-udacity""},{""resourceType"":""AWS::DynamoDB::Table"",""resourceName"":""63047e79-a133-435f-bd89-746343e13032""},{""resourceType"":""AWS::DynamoDB::Table"",""resourceName"":""dynamoDB-udacity""}]",OK6IN806I2THTGR8FQBLHQAN1FVV4KQNSO5AEMVJF66Q9ASUAAJG,b3f95372-853b-4385-b17b-f7f8a342e622,false,AwsApiCall,666595451426,Management
root,ASIAZWNBPMIRJVBUT3HS,2021-02-18T14:16:59Z,s3.amazonaws.com,DeleteBucket,us-east-1,220.136.144.6,"[S3Console/0.4, aws-internal/3 aws-sdk-java/1.11.920 Linux/4.9.230-0.1.ac.223.84.332.metal1.x86_64 OpenJDK_64-Bit_Server_VM/25.275-b01 java/1.8.0_275 vendor/Oracle_Corporation]",,"[{""resourceType"":""AWS::S3::Bucket"",""resourceName"":""bucket-lambda-tyler""}]",81C9F1757DD0F418,f46e18ee-8587-4d3b-9970-c6d67f3ad1fa,false,AwsApiCall,666595451426,Management
root,ASIAZWNBPMIRIEYACOO3,2021-02-18T14:15:53Z,lambda.amazonaws.com,DeleteFunction20150331,us-east-1,220.136.144.6,"aws-internal/3 aws-sdk-java/1.11.946 Linux/4.9.230-0.1.ac.223.84.332.metal1.x86_64 OpenJDK_64-Bit_Server_VM/25.282-b08 java/1.8.0_282 vendor/Oracle_Corporation, AWSLambdaConsole/1.1",,"[{""resourceType"":""AWS::Lambda::Function"",""resourceName"":""lambda-s3""}]",f51af25e-cf01-45b7-98d1-4f8f5620b975,c28eb649-f220-4b39-83d1-b0aa41ea24d2,false,AwsApiCall,666595451426,Management
lambda-s3,ASIAZWNBPMIRJAONG7H5,2021-02-18T14:08:30Z,logs.amazonaws.com,CreateLogStream,us-east-1,52.87.232.102,awslambda-worker/1.0 rusoto/0.42.0 rust/1.49.0 linux,,[],3128840b-843d-4fb0-b464-d1f0f0799b91,e5326810-7b4b-4eea-a2d3-2dde2556ebd8,false,AwsApiCall,666595451426,Management
lambda-s3,ASIAZWNBPMIRJAONG7H5,2021-02-18T14:08:30Z,logs.amazonaws.com,CreateLogGroup,us-east-1,52.87.232.102,awslambda-worker/1.0 rusoto/0.42.0 rust/1.49.0 linux,,[],fe53f3f8-e1d6-4597-be08-ddbb0db6685c,f51e62b4-27d4-4db8-a572-c378b249e898,false,AwsApiCall,666595451426,Management
lambda-s3,ASIAZWNBPMIRJAONG7H5,2021-02-18T14:08:30Z,logs.amazonaws.com,CreateLogStream,us-east-1,52.87.232.102,awslambda-worker/1.0 rusoto/0.42.0 rust/1.49.0 linux,ResourceNotFoundException,[],d6cdd489-ea5e-4464-819b-62a0db0e8bff,f88f90aa-0cf2-4fbf-abb4-da38a574ad6f,false,AwsApiCall,666595451426,Management
root,ASIAZWNBPMIRIEYACOO3,2021-02-18T14:07:28Z,lambda.amazonaws.com,UpdateFunctionCode20150331v2,us-east-1,220.136.144.6,"Mozilla/5.0 (Windows NT 10.0; Win64; x64) AppleWebKit/537.36 (KHTML, like Gecko) Chrome/88.0.4324.150 Safari/537.36",,"[{""resourceType"":""AWS::Lambda::Function"",""resourceName"":""lambda-s3""}]",94f249ea-ec6f-4b79-9986-7d82277ae2b2,fa2fa6dc-d384-48a1-b5a7-26742036e74a,false,AwsApiCall,666595451426,Management
root,ASIAZWNBPMIRIEYACOO3,2021-02-18T14:06:03Z,s3.amazonaws.com,PutBucketNotification,us-east-1,220.136.144.6,[aws-internal/3 aws-sdk-java/1.11.946 Linux/4.9.230-0.1.ac.223.84.332.metal1.x86_64 OpenJDK_64-Bit_Server_VM/25.282-b08 java/1.8.0_282 vendor/Oracle_Corporation],,"[{""resourceType"":""AWS::S3::Bucket"",""resourceName"":""bucket-lambda-tyler""},{""resourceType"":""AWS::Lambda::Function"",""resourceName"":""arn:aws:lambda:us-east-1:666595451426:function:lambda-s3""}]",7029A7C8641B2158,19db4dff-0a43-4345-b4c1-01b2a1902e12,false,AwsApiCall,666595451426,Management
root,ASIAZWNBPMIRIEYACOO3,2021-02-18T14:06:02Z,lambda.amazonaws.com,AddPermission20150331v2,us-east-1,220.136.144.6,aws-internal/3 aws-sdk-java/1.11.946 Linux/4.9.230-0.1.ac.223.84.332.metal1.x86_64 OpenJDK_64-Bit_Server_VM/25.282-b08 java/1.8.0_282 vendor/Oracle_Corporation,,"[{""resourceType"":""AWS::Lambda::Function"",""resourceName"":""arn:aws:lambda:us-east-1:666595451426:function:lambda-s3""}]",36177d3f-ebc0-4424-9684-1bbd90fae91f,76e83ff3-48d3-4b4d-b687-162e9bea20bd,false,AwsApiCall,666595451426,Management
root,ASIAZWNBPMIRIEYACOO3,2021-02-18T14:05:07Z,lambda.amazonaws.com,CreateFunction20150331,us-east-1,220.136.144.6,"Mozilla/5.0 (Windows NT 10.0; Win64; x64) AppleWebKit/537.36 (KHTML, like Gecko) Chrome/88.0.4324.150 Safari/537.36",,"[{""resourceType"":""AWS::Lambda::Function"",""resourceName"":""lambda-s3""}]",5533c444-fa3e-4d7e-bd0f-753eb76acedb,29eec4d8-cea1-4f3f-96ae-27ac0770132d,false,AwsApiCall,666595451426,Management
root,ASIAZWNBPMIRIEYACOO3,2021-02-18T14:05:02Z,lambda.amazonaws.com,CreateFunction20150331,us-east-1,220.136.144.6,"Mozilla/5.0 (Windows NT 10.0; Win64; x64) AppleWebKit/537.36 (KHTML, like Gecko) Chrome/88.0.4324.150 Safari/537.36",InvalidParameterValueException,[],3d326187-0253-4ab6-96b5-b63189b075a3,6e064d76-5774-415b-816f-1cb2dd616aac,false,AwsApiCall,666595451426,Management
root,ASIAZWNBPMIRIEYACOO3,2021-02-18T14:05:00Z,lambda.amazonaws.com,CreateFunction20150331,us-east-1,220.136.144.6,"Mozilla/5.0 (Windows NT 10.0; Win64; x64) AppleWebKit/537.36 (KHTML, like Gecko) Chrome/88.0.4324.150 Safari/537.36",InvalidParameterValueException,[],a7671b4a-ecd0-4b9d-ab64-5ab105053ba8,bd71a9d8-9b10-4237-84e4-9a18f1c7e53d,false,AwsApiCall,666595451426,Management
root,ASIAZWNBPMIRIEYACOO3,2021-02-18T14:04:59Z,lambda.amazonaws.com,CreateFunction20150331,us-east-1,220.136.144.6,"Mozilla/5.0 (Windows NT 10.0; Win64; x64) AppleWebKit/537.36 (KHTML, like Gecko) Chrome/88.0.4324.150 Safari/537.36",InvalidParameterValueException,[],3d216c24-078e-4905-b588-70804457ec4a,2686be5a-df23-42ad-a04f-e6314f37ac87,false,AwsApiCall,666595451426,Management
root,ASIAZWNBPMIRIEYACOO3,2021-02-18T14:04:57Z,iam.amazonaws.com,CreatePolicy,us-east-1,220.136.144.6,"aws-internal/3 aws-sdk-java/1.11.946 Linux/4.9.230-0.1.ac.223.84.332.metal1.x86_64 OpenJDK_64-Bit_Server_VM/25.282-b08 java/1.8.0_282 vendor/Oracle_Corporation, AWSLambdaConsole/1.1",,"[{""resourceType"":""AWS::IAM::Policy"",""resourceName"":""ANPAZWNBPMIRPHDJAWBTJ""},{""resourceType"":""AWS::IAM::Policy"",""resourceName"":""AWSLambdaBasicExecutionRole-23c5d1cc-94b3-414a-a016-ba8c6339ed7f""},{""resourceType"":""AWS::IAM::Policy"",""resourceName"":""arn:aws:iam::666595451426:policy/service-role/AWSLambdaBasicExecutionRole-23c5d1cc-94b3-414a-a016-ba8c6339ed7f""}]",02b1f3d8-a7e0-4fe4-81a8-4ca43068829c,2c10a56e-5296-450e-a729-810eee7656a6,false,AwsApiCall,666595451426,Management
root,ASIAZWNBPMIRIEYACOO3,2021-02-18T14:04:57Z,iam.amazonaws.com,CreateRole,us-east-1,220.136.144.6,"aws-internal/3 aws-sdk-java/1.11.946 Linux/4.9.230-0.1.ac.223.84.332.metal1.x86_64 OpenJDK_64-Bit_Server_VM/25.282-b08 java/1.8.0_282 vendor/Oracle_Corporation, AWSLambdaConsole/1.1",,[],02b1f3d8-a7e0-4fe4-81a8-4ca43068829c,32f3dd7d-3852-4802-95c3-b2608d6c5e16,false,AwsApiCall,666595451426,Management
root,ASIAZWNBPMIRIEYACOO3,2021-02-18T14:04:57Z,iam.amazonaws.com,AttachRolePolicy,us-east-1,220.136.144.6,"aws-internal/3 aws-sdk-java/1.11.946 Linux/4.9.230-0.1.ac.223.84.332.metal1.x86_64 OpenJDK_64-Bit_Server_VM/25.282-b08 java/1.8.0_282 vendor/Oracle_Corporation, AWSLambdaConsole/1.1",,"[{""resourceType"":""AWS::IAM::Policy"",""resourceName"":""arn:aws:iam::666595451426:policy/service-role/AWSLambdaBasicExecutionRole-23c5d1cc-94b3-414a-a016-ba8c6339ed7f""},{""resourceType"":""AWS::IAM::Role"",""resourceName"":""lambda-s3-role-8ybi8ium""}]",02b1f3d8-a7e0-4fe4-81a8-4ca43068829c,66f6b02c-d3fc-4f9d-9303-51d58990aba1,false,AwsApiCall,666595451426,Management
root,ASIAZWNBPMIRJVBUT3HS,2021-02-18T14:01:16Z,s3.amazonaws.com,PutBucketVersioning,us-east-1,220.136.144.6,"[S3Console/0.4, aws-internal/3 aws-sdk-java/1.11.920 Linux/4.9.230-0.1.ac.223.84.332.metal1.x86_64 OpenJDK_64-Bit_Server_VM/25.275-b01 java/1.8.0_275 vendor/Oracle_Corporation]",,"[{""resourceType"":""AWS::S3::Bucket"",""resourceName"":""bucket-lambda-tyler""}]",AA5FB4B9BAAFEE36,5779b925-8930-4648-9cc0-27e7b6371e60,false,AwsApiCall,666595451426,Management
root,ASIAZWNBPMIRJVBUT3HS,2021-02-18T14:01:15Z,s3.amazonaws.com,PutBucketPublicAccessBlock,us-east-1,220.136.144.6,"[S3Console/0.4, aws-internal/3 aws-sdk-java/1.11.920 Linux/4.9.230-0.1.ac.223.84.332.metal1.x86_64 OpenJDK_64-Bit_Server_VM/25.275-b01 java/1.8.0_275 vendor/Oracle_Corporation]",,"[{""resourceType"":""AWS::S3::Bucket"",""resourceName"":""bucket-lambda-tyler""}]",6C473CC15AE90647,6fbc13a5-6638-4d0a-a32b-1fcf219a9a6c,false,AwsApiCall,666595451426,Management
root,ASIAZWNBPMIRJVBUT3HS,2021-02-18T14:01:14Z,s3.amazonaws.com,CreateBucket,us-east-1,220.136.144.6,"[S3Console/0.4, aws-internal/3 aws-sdk-java/1.11.920 Linux/4.9.230-0.1.ac.223.84.332.metal1.x86_64 OpenJDK_64-Bit_Server_VM/25.275-b01 java/1.8.0_275 vendor/Oracle_Corporation]",,"[{""resourceType"":""AWS::S3::Bucket"",""resourceName"":""bucket-lambda-tyler""}]",1A07B7C031FAB428,d3d74f6c-65b7-4adc-9083-7ecdaeaa8227,false,AwsApiCall,666595451426,Management
root,,2021-02-18T14:00:05Z,signin.amazonaws.com,ConsoleLogin,us-east-1,220.136.144.6,"Mozilla/5.0 (Windows NT 10.0; Win64; x64) AppleWebKit/537.36 (KHTML, like Gecko) Chrome/88.0.4324.150 Safari/537.36",,[],,88e0afdf-72f8-4f0a-a597-ba1c56b2fc6c,false,AwsConsoleSignIn,666595451426,Management
root,ASIAZWNBPMIRCMETQI3V,2021-02-18T11:52:42Z,s3.amazonaws.com,DeleteBucket,us-east-1,140.118.110.164,"[S3Console/0.4, aws-internal/3 aws-sdk-java/1.11.920 Linux/4.9.230-0.1.ac.223.84.332.metal1.x86_64 OpenJDK_64-Bit_Server_VM/25.275-b01 java/1.8.0_275 vendor/Oracle_Corporation]",,"[{""resourceType"":""AWS::S3::Bucket"",""resourceName"":""learn-terraform-backend""}]",B1732695BEE3DAA0,ed621aa9-c219-4d26-a5aa-ae54e1d9bead,false,AwsApiCall,666595451426,Management
root,AKIAIOWXYPSGU5MPWFXA,2021-02-18T08:50:19Z,ec2.amazonaws.com,TerminateInstances,us-east-1,140.118.110.164,aws-sdk-go/1.37.4 (go1.15.5; windows; amd64) APN/1.0 HashiCorp/1.0 Terraform/0.14.4 (+https://www.terraform.io) terraform-provider-aws/dev (+https://registry.terraform.io/providers/hashicorp/aws),,"[{""resourceType"":""AWS::EC2::Instance"",""resourceName"":""i-02948ddb6b01ace41""}]",1b1843bb-8f40-4a40-964b-4d59599b62e9,460cb509-2825-42c1-b7ca-1870999d91e2,false,AwsApiCall,666595451426,Management
root,AKIAIOWXYPSGU5MPWFXA,2021-02-18T08:50:19Z,ec2.amazonaws.com,TerminateInstances,us-east-1,140.118.110.164,aws-sdk-go/1.37.4 (go1.15.5; windows; amd64) APN/1.0 HashiCorp/1.0 Terraform/0.14.4 (+https://www.terraform.io) terraform-provider-aws/dev (+https://registry.terraform.io/providers/hashicorp/aws),,"[{""resourceType"":""AWS::EC2::Instance"",""resourceName"":""i-02948ddb6b01ace41""}]",1b1843bb-8f40-4a40-964b-4d59599b62e9,460cb509-2825-42c1-b7ca-1870999d91e2,false,AwsApiCall,666595451426,Management
root,AKIAIOWXYPSGU5MPWFXA,2021-02-18T08:50:19Z,ec2.amazonaws.com,TerminateInstances,us-east-1,140.118.110.164,aws-sdk-go/1.37.4 (go1.15.5; windows; amd64) APN/1.0 HashiCorp/1.0 Terraform/0.14.4 (+https://www.terraform.io) terraform-provider-aws/dev (+https://registry.terraform.io/providers/hashicorp/aws),,"[{""resourceType"":""AWS::EC2::Instance"",""resourceName"":""i-08cbd32b78e5fdfd3""}]",4659a308-4c7e-4be8-9389-baac6d56edba,f3c56951-eacc-4a78-b5f5-39e462a57eff,false,AwsApiCall,666595451426,Management
root,AKIAIOWXYPSGU5MPWFXA,2021-02-18T08:50:19Z,ec2.amazonaws.com,TerminateInstances,us-east-1,140.118.110.164,aws-sdk-go/1.37.4 (go1.15.5; windows; amd64) APN/1.0 HashiCorp/1.0 Terraform/0.14.4 (+https://www.terraform.io) terraform-provider-aws/dev (+https://registry.terraform.io/providers/hashicorp/aws),,"[{""resourceType"":""AWS::EC2::Instance"",""resourceName"":""i-08cbd32b78e5fdfd3""}]",4659a308-4c7e-4be8-9389-baac6d56edba,f3c56951-eacc-4a78-b5f5-39e462a57eff,false,AwsApiCall,666595451426,Management
,,2021-02-18T08:45:10Z,ec2.amazonaws.com,SharedSnapshotVolumeCreated,us-east-1,ec2.amazonaws.com,ec2.amazonaws.com,,[],,4810fe53-ab00-41e1-83de-65e21905a31b,false,AwsServiceEvent,666595451426,Management
,,2021-02-18T08:45:10Z,ec2.amazonaws.com,SharedSnapshotVolumeCreated,us-east-1,ec2.amazonaws.com,ec2.amazonaws.com,,[],,b39a102f-86da-47bd-a5ad-27d8e03426b9,false,AwsServiceEvent,666595451426,Management
root,AKIAIOWXYPSGU5MPWFXA,2021-02-18T08:45:06Z,ec2.amazonaws.com,RunInstances,us-east-1,140.118.110.164,aws-sdk-go/1.37.4 (go1.15.5; windows; amd64) APN/1.0 HashiCorp/1.0 Terraform/0.14.4 (+https://www.terraform.io) terraform-provider-aws/dev (+https://registry.terraform.io/providers/hashicorp/aws),,"[{""resourceType"":""AWS::EC2::VPC"",""resourceName"":""vpc-1e70a963""},{""resourceType"":""AWS::EC2::Ami"",""resourceName"":""ami-0ff8a91507f77f867""},{""resourceType"":""AWS::EC2::NetworkInterface"",""resourceName"":""eni-043a66e798b9b6092""},{""resourceType"":""AWS::EC2::Instance"",""resourceName"":""i-02948ddb6b01ace41""},{""resourceType"":""AWS::EC2::SecurityGroup"",""resourceName"":""sg-d1511be6""},{""resourceType"":""AWS::EC2::SecurityGroup"",""resourceName"":""default""},{""resourceType"":""AWS::EC2::Subnet"",""resourceName"":""subnet-0d6b3740""}]",f0236b08-3193-460b-a77c-591a6a777317,12ab24cc-8dee-4746-989b-15839aebcae3,false,AwsApiCall,666595451426,Management
root,AKIAIOWXYPSGU5MPWFXA,2021-02-18T08:45:06Z,ec2.amazonaws.com,RunInstances,us-east-1,140.118.110.164,aws-sdk-go/1.37.4 (go1.15.5; windows; amd64) APN/1.0 HashiCorp/1.0 Terraform/0.14.4 (+https://www.terraform.io) terraform-provider-aws/dev (+https://registry.terraform.io/providers/hashicorp/aws),,"[{""resourceType"":""AWS::EC2::VPC"",""resourceName"":""vpc-1e70a963""},{""resourceType"":""AWS::EC2::Ami"",""resourceName"":""ami-0ff8a91507f77f867""},{""resourceType"":""AWS::EC2::NetworkInterface"",""resourceName"":""eni-04bd37eb8f6c5ad08""},{""resourceType"":""AWS::EC2::Instance"",""resourceName"":""i-08cbd32b78e5fdfd3""},{""resourceType"":""AWS::EC2::SecurityGroup"",""resourceName"":""sg-d1511be6""},{""resourceType"":""AWS::EC2::SecurityGroup"",""resourceName"":""default""},{""resourceType"":""AWS::EC2::Subnet"",""resourceName"":""subnet-0d6b3740""}]",9b7cf37a-7f79-40d8-b2fe-1a811dddc3ca,2e7cc4d3-17e7-4003-bc10-58fe6be102a7,false,AwsApiCall,666595451426,Management
root,ASIAZWNBPMIRCMETQI3V,2021-02-18T08:29:37Z,s3.amazonaws.com,PutBucketVersioning,us-east-1,140.118.110.164,"[S3Console/0.4, aws-internal/3 aws-sdk-java/1.11.920 Linux/4.9.230-0.1.ac.223.84.332.metal1.x86_64 OpenJDK_64-Bit_Server_VM/25.275-b01 java/1.8.0_275 vendor/Oracle_Corporation]",,"[{""resourceType"":""AWS::S3::Bucket"",""resourceName"":""learn-terraform-backend""}]",FAB78D131BEBE5FE,a72358cd-5ace-41d6-bb0d-4bd7c72dc11e,false,AwsApiCall,666595451426,Management
root,ASIAZWNBPMIRCMETQI3V,2021-02-18T08:29:36Z,s3.amazonaws.com,PutBucketPublicAccessBlock,us-east-1,140.118.110.164,"[S3Console/0.4, aws-internal/3 aws-sdk-java/1.11.920 Linux/4.9.230-0.1.ac.224.84.332.metal1.x86_64 OpenJDK_64-Bit_Server_VM/25.275-b01 java/1.8.0_275 vendor/Oracle_Corporation]",,"[{""resourceType"":""AWS::S3::Bucket"",""resourceName"":""learn-terraform-backend""}]",501C59413A7064BF,ae7d4adb-958e-447b-9066-85c5250f215c,false,AwsApiCall,666595451426,Management
root,ASIAZWNBPMIRCMETQI3V,2021-02-18T08:29:34Z,s3.amazonaws.com,CreateBucket,us-east-1,140.118.110.164,"[S3Console/0.4, aws-internal/3 aws-sdk-java/1.11.920 Linux/4.9.230-0.1.ac.223.84.332.metal1.x86_64 OpenJDK_64-Bit_Server_VM/25.275-b01 java/1.8.0_275 vendor/Oracle_Corporation]",,"[{""resourceType"":""AWS::S3::Bucket"",""resourceName"":""learn-terraform-backend""}]",AS0YCNEPBG5R3R9J,629d7f73-8b89-406d-854a-e0a21e3d3e07,false,AwsApiCall,666595451426,Management
root,ASIAZWNBPMIRFSR2YG6M,2021-02-18T08:22:47Z,ec2.amazonaws.com,TerminateInstances,us-east-1,140.118.110.164,console.ec2.amazonaws.com,,"[{""resourceType"":""AWS::EC2::Instance"",""resourceName"":""i-0f331aa8d1058151c""}]",6f66640d-9bdd-46f7-aa83-fec41e3ed9b3,b7c6792f-fbe9-428b-a1a7-9dce1f890e10,false,AwsApiCall,666595451426,Management
root,ASIAZWNBPMIRFSR2YG6M,2021-02-18T08:14:14Z,ec2.amazonaws.com,TerminateInstances,us-east-1,140.118.110.164,console.ec2.amazonaws.com,,"[{""resourceType"":""AWS::EC2::Instance"",""resourceName"":""i-0f331aa8d1058151c""}]",0acfa425-4e0d-4d56-b091-45b8e1002941,92b16626-8b28-4230-8de7-b87c8b9a521b,false,AwsApiCall,666595451426,Management
root,AKIAIOWXYPSGU5MPWFXA,2021-02-18T07:34:15Z,ec2.amazonaws.com,TerminateInstances,us-east-1,140.118.110.164,aws-sdk-go/1.37.4 (go1.15.5; windows; amd64) APN/1.0 HashiCorp/1.0 Terraform/0.14.4 (+https://www.terraform.io) terraform-provider-aws/dev (+https://registry.terraform.io/providers/hashicorp/aws),,"[{""resourceType"":""AWS::EC2::Instance"",""resourceName"":""i-0f331aa8d1058151c""}]",ed5656f9-6990-4808-a5c9-b150835e4f33,a6073535-db23-4d45-961e-7777886c79fc,false,AwsApiCall,666595451426,Management
,,2021-02-18T07:32:43Z,ec2.amazonaws.com,SharedSnapshotVolumeCreated,us-east-1,ec2.amazonaws.com,ec2.amazonaws.com,,[],,07526a35-760b-406b-929c-754de4cee35d,false,AwsServiceEvent,666595451426,Management
root,AKIAIOWXYPSGU5MPWFXA,2021-02-18T07:32:40Z,ec2.amazonaws.com,RunInstances,us-east-1,140.118.110.164,aws-sdk-go/1.37.4 (go1.15.5; windows; amd64) APN/1.0 HashiCorp/1.0 Terraform/0.14.4 (+https://www.terraform.io) terraform-provider-aws/dev (+https://registry.terraform.io/providers/hashicorp/aws),,"[{""resourceType"":""AWS::EC2::VPC"",""resourceName"":""vpc-1e70a963""},{""resourceType"":""AWS::EC2::Ami"",""resourceName"":""ami-0ff8a91507f77f867""},{""resourceType"":""AWS::EC2::NetworkInterface"",""resourceName"":""eni-0189f503fe725da7e""},{""resourceType"":""AWS::EC2::Instance"",""resourceName"":""i-0f331aa8d1058151c""},{""resourceType"":""AWS::EC2::SecurityGroup"",""resourceName"":""sg-d1511be6""},{""resourceType"":""AWS::EC2::SecurityGroup"",""resourceName"":""default""},{""resourceType"":""AWS::EC2::Subnet"",""resourceName"":""subnet-0d6b3740""}]",255b894d-f9ff-4dd6-b27d-e47db926fe50,7804c066-e576-449a-9ac7-bb87612f6402,false,AwsApiCall,666595451426,Management
root,AKIAIOWXYPSGU5MPWFXA,2021-02-18T07:30:50Z,ec2.amazonaws.com,RunInstances,us-east-1,140.118.110.164,aws-sdk-go/1.37.4 (go1.15.5; windows; amd64) APN/1.0 HashiCorp/1.0 Terraform/0.14.4 (+https://www.terraform.io) terraform-provider-aws/dev (+https://registry.terraform.io/providers/hashicorp/aws),Client.UnsupportedOperation,"[{""resourceType"":""AWS::EC2::Ami"",""resourceName"":""ami-0130c3a072f3832ff""}]",4de2c7bf-7d8e-4536-8c27-6db3341bcf78,39b2eae2-99d9-4c83-80b2-ffb263c55463,false,AwsApiCall,666595451426,Management
root,ASIAZWNBPMIRIU7X5Y7Q,2021-02-18T06:34:17Z,billingconsole.amazonaws.com,MakePayment,us-east-1,140.118.110.164,"Mozilla/5.0 (Windows NT 10.0; Win64; x64) AppleWebKit/537.36 (KHTML, like Gecko) Chrome/88.0.4324.150 Safari/537.36",,[],,3669706a-31e2-46c2-b86d-ca60bcfebb4d,false,AwsConsoleAction,666595451426,Management
root,ASIAZWNBPMIRIU7X5Y7Q,2021-02-18T06:32:41Z,billingconsole.amazonaws.com,GetBillingAddress,us-east-1,140.118.110.164,"Mozilla/5.0 (Windows NT 10.0; Win64; x64) AppleWebKit/537.36 (KHTML, like Gecko) Chrome/88.0.4324.150 Safari/537.36",,[],,5dcced0a-d4c3-4d2e-a48c-6267503ee730,false,AwsConsoleAction,666595451426,Management
root,ASIAZWNBPMIRIU7X5Y7Q,2021-02-18T06:32:40Z,billingconsole.amazonaws.com,AWSPaymentInstrumentGateway.Get,us-east-1,140.118.110.164,"Mozilla/5.0 (Windows NT 10.0; Win64; x64) AppleWebKit/537.36 (KHTML, like Gecko) Chrome/88.0.4324.150 Safari/537.36",,[],,6fad4612-033d-4a8c-8e94-4fc56e21220e,false,AwsConsoleAction,666595451426,Management
root,ASIAZWNBPMIRIU7X5Y7Q,2021-02-18T06:32:39Z,billingconsole.amazonaws.com,GetDefaultInstrument,us-east-1,140.118.110.164,"Mozilla/5.0 (Windows NT 10.0; Win64; x64) AppleWebKit/537.36 (KHTML, like Gecko) Chrome/88.0.4324.150 Safari/537.36",,[],,491380fb-250e-41a9-9538-11ce6641337d,false,AwsConsoleAction,666595451426,Management
root,ASIAZWNBPMIRIU7X5Y7Q,2021-02-18T06:32:39Z,billingconsole.amazonaws.com,GetDefaultCurrency,us-east-1,140.118.110.164,"Mozilla/5.0 (Windows NT 10.0; Win64; x64) AppleWebKit/537.36 (KHTML, like Gecko) Chrome/88.0.4324.150 Safari/537.36",,[],,8b6b3392-23d7-4f26-beab-1c967ecf3ba4,false,AwsConsoleAction,666595451426,Management
root,ASIAZWNBPMIRIU7X5Y7Q,2021-02-18T06:32:39Z,billingconsole.amazonaws.com,GetAllPurchaseOrders,us-east-1,140.118.110.164,"Mozilla/5.0 (Windows NT 10.0; Win64; x64) AppleWebKit/537.36 (KHTML, like Gecko) Chrome/88.0.4324.150 Safari/537.36",,[],,c5bce9f7-ef47-4176-bad4-41e0b46c181a,false,AwsConsoleAction,666595451426,Management
root,ASIAZWNBPMIRIU7X5Y7Q,2021-02-18T06:32:38Z,billingconsole.amazonaws.com,AWSPaymentPreferenceGateway.Get,us-east-1,140.118.110.164,"Mozilla/5.0 (Windows NT 10.0; Win64; x64) AppleWebKit/537.36 (KHTML, like Gecko) Chrome/88.0.4324.150 Safari/537.36",,[],,377ef0a2-9c44-4304-8e92-60c0a51a4ec3,false,AwsConsoleAction,666595451426,Management
root,ASIAZWNBPMIRIU7X5Y7Q,2021-02-18T06:32:38Z,billingconsole.amazonaws.com,GetAccountMarketplaceGroup,us-east-1,140.118.110.164,"Mozilla/5.0 (Windows NT 10.0; Win64; x64) AppleWebKit/537.36 (KHTML, like Gecko) Chrome/88.0.4324.150 Safari/537.36",,[],,5c015697-3a8d-4da8-b584-f751e20e6761,false,AwsConsoleAction,666595451426,Management
root,ASIAZWNBPMIRBHYKRCOT,2021-02-18T06:28:09Z,iam.amazonaws.com,CreateAccessKey,us-east-1,140.118.110.164,console.amazonaws.com,,"[{""resourceType"":""AWS::IAM::AccessKey"",""resourceName"":""AKIAIOWXYPSGU5MPWFXA""}]",d61181d3-fd7e-43b3-9e07-4ab56cad9bed,add9e9f2-5aa9-4131-a16e-8c0a5cb5e771,false,AwsApiCall,666595451426,Management
root,,2021-02-18T06:27:37Z,signin.amazonaws.com,ConsoleLogin,us-east-1,140.118.110.164,"Mozilla/5.0 (Windows NT 10.0; Win64; x64) AppleWebKit/537.36 (KHTML, like Gecko) Chrome/88.0.4324.150 Safari/537.36",,[],,4d3ee0ec-8e1c-4850-a930-e4b500724234,false,AwsConsoleSignIn,666595451426,Management
root,,2021-02-17T06:32:52Z,signin.amazonaws.com,ConsoleLogin,us-east-1,123.194.176.11,"Mozilla/5.0 (Windows NT 10.0; Win64; x64) AppleWebKit/537.36 (KHTML, like Gecko) Chrome/88.0.4324.150 Safari/537.36",,[],,99d02e3c-f910-4e29-8a5d-945fdc355ed7,false,AwsConsoleSignIn,666595451426,Management
root,ASIAZWNBPMIRJMKNG55U,2021-01-27T04:23:44Z,billingconsole.amazonaws.com,MakePayment,us-east-1,140.118.110.164,"Mozilla/5.0 (Windows NT 10.0; Win64; x64) AppleWebKit/537.36 (KHTML, like Gecko) Chrome/87.0.4280.141 Safari/537.36",,[],,0eb9ebb9-974d-4b40-bde3-695b2456bd42,false,AwsConsoleAction,666595451426,Management
root,,2021-01-27T04:13:19Z,signin.amazonaws.com,ConsoleLogin,us-east-1,140.118.110.164,"Mozilla/5.0 (Windows NT 10.0; Win64; x64) AppleWebKit/537.36 (KHTML, like Gecko) Chrome/87.0.4280.141 Safari/537.36",,[],,914d75e0-9a40-4242-b97a-924210b5b410,false,AwsConsoleSignIn,666595451426,Management
root,,2021-01-14T04:12:32Z,signin.amazonaws.com,ConsoleLogin,us-east-1,140.118.110.164,"Mozilla/5.0 (Windows NT 10.0; Win64; x64) AppleWebKit/537.36 (KHTML, like Gecko) Chrome/87.0.4280.141 Safari/537.36",,[],,fc250ccb-ffca-4815-bfc7-5caec8187968,false,AwsConsoleSignIn,666595451426,Management
root,ASIAZWNBPMIRCPIDXXYR,2021-01-13T10:14:42Z,billingconsole.amazonaws.com,GetBillingAddress,us-east-1,140.118.110.164,"Mozilla/5.0 (Windows NT 10.0; Win64; x64) AppleWebKit/537.36 (KHTML, like Gecko) Chrome/87.0.4280.88 Safari/537.36",,[],,09fbaa76-37ce-4b1a-8b09-dff029211ebd,false,AwsConsoleAction,666595451426,Management
root,ASIAZWNBPMIRCPIDXXYR,2021-01-13T10:14:42Z,billingconsole.amazonaws.com,GetAllPurchaseOrders,us-east-1,140.118.110.164,"Mozilla/5.0 (Windows NT 10.0; Win64; x64) AppleWebKit/537.36 (KHTML, like Gecko) Chrome/87.0.4280.88 Safari/537.36",,[],,ce2e04dc-5bde-4dd6-921e-1407c1b75cf7,false,AwsConsoleAction,666595451426,Management
root,ASIAZWNBPMIRCPIDXXYR,2021-01-13T10:14:42Z,billingconsole.amazonaws.com,AWSPaymentInstrumentGateway.Get,us-east-1,140.118.110.164,"Mozilla/5.0 (Windows NT 10.0; Win64; x64) AppleWebKit/537.36 (KHTML, like Gecko) Chrome/87.0.4280.88 Safari/537.36",,[],,e5a95643-1512-44c0-9771-c8fc8a02550e,false,AwsConsoleAction,666595451426,Management
root,ASIAZWNBPMIRCPIDXXYR,2021-01-13T10:14:41Z,billingconsole.amazonaws.com,GetDefaultInstrument,us-east-1,140.118.110.164,"Mozilla/5.0 (Windows NT 10.0; Win64; x64) AppleWebKit/537.36 (KHTML, like Gecko) Chrome/87.0.4280.88 Safari/537.36",,[],,1e5e32ac-7301-4896-a043-159dc66bfb42,false,AwsConsoleAction,666595451426,Management
root,ASIAZWNBPMIRCPIDXXYR,2021-01-13T10:14:41Z,billingconsole.amazonaws.com,GetAccountMarketplaceGroup,us-east-1,140.118.110.164,"Mozilla/5.0 (Windows NT 10.0; Win64; x64) AppleWebKit/537.36 (KHTML, like Gecko) Chrome/87.0.4280.88 Safari/537.36",,[],,2f69084e-bbee-4184-a0d9-e35270d2eeb2,false,AwsConsoleAction,666595451426,Management
root,ASIAZWNBPMIRCPIDXXYR,2021-01-13T10:14:41Z,billingconsole.amazonaws.com,AWSPaymentPreferenceGateway.Get,us-east-1,140.118.110.164,"Mozilla/5.0 (Windows NT 10.0; Win64; x64) AppleWebKit/537.36 (KHTML, like Gecko) Chrome/87.0.4280.88 Safari/537.36",,[],,65f9c011-5225-445c-b50e-4fed5a48bf43,false,AwsConsoleAction,666595451426,Management
root,ASIAZWNBPMIRCPIDXXYR,2021-01-13T10:14:41Z,billingconsole.amazonaws.com,GetDefaultCurrency,us-east-1,140.118.110.164,"Mozilla/5.0 (Windows NT 10.0; Win64; x64) AppleWebKit/537.36 (KHTML, like Gecko) Chrome/87.0.4280.88 Safari/537.36",,[],,d4f06862-51e1-494e-804b-ecb944a4021a,false,AwsConsoleAction,666595451426,Management
root,ASIAZWNBPMIRCPIDXXYR,2021-01-13T10:14:34Z,billingconsole.amazonaws.com,GetFreeTierAlertPreference,us-east-1,140.118.110.164,"Mozilla/5.0 (Windows NT 10.0; Win64; x64) AppleWebKit/537.36 (KHTML, like Gecko) Chrome/87.0.4280.88 Safari/537.36",,[],,788eb634-bf1b-4c49-87c9-0709b694e749,false,AwsConsoleAction,666595451426,Management
root,ASIAZWNBPMIRCPIDXXYR,2021-01-13T10:14:33Z,billingconsole.amazonaws.com,GetBillingAddress,us-east-1,140.118.110.164,"Mozilla/5.0 (Windows NT 10.0; Win64; x64) AppleWebKit/537.36 (KHTML, like Gecko) Chrome/87.0.4280.88 Safari/537.36",,[],,df4f2d09-43a7-4ca7-9a0b-44e882ab03a6,false,AwsConsoleAction,666595451426,Management
root,ASIAZWNBPMIRCPIDXXYR,2021-01-13T10:14:32Z,billingconsole.amazonaws.com,AWSPaymentInstrumentGateway.Get,us-east-1,140.118.110.164,"Mozilla/5.0 (Windows NT 10.0; Win64; x64) AppleWebKit/537.36 (KHTML, like Gecko) Chrome/87.0.4280.88 Safari/537.36",,[],,77f5470f-efc5-441e-9d70-51597f88a92a,false,AwsConsoleAction,666595451426,Management
root,ASIAZWNBPMIRCPIDXXYR,2021-01-13T10:14:30Z,billingconsole.amazonaws.com,AWSPaymentPreferenceGateway.Get,us-east-1,140.118.110.164,"Mozilla/5.0 (Windows NT 10.0; Win64; x64) AppleWebKit/537.36 (KHTML, like Gecko) Chrome/87.0.4280.88 Safari/537.36",,[],,3452f093-c448-4997-9a8e-b729cb42b954,false,AwsConsoleAction,666595451426,Management
root,ASIAZWNBPMIRCPIDXXYR,2021-01-13T10:14:30Z,billingconsole.amazonaws.com,GetDefaultInstrument,us-east-1,140.118.110.164,"Mozilla/5.0 (Windows NT 10.0; Win64; x64) AppleWebKit/537.36 (KHTML, like Gecko) Chrome/87.0.4280.88 Safari/537.36",,[],,8fa42b2f-3746-4bb4-aa15-59700c784695,false,AwsConsoleAction,666595451426,Management
root,ASIAZWNBPMIRCPIDXXYR,2021-01-13T10:14:30Z,billingconsole.amazonaws.com,GetAllPurchaseOrders,us-east-1,140.118.110.164,"Mozilla/5.0 (Windows NT 10.0; Win64; x64) AppleWebKit/537.36 (KHTML, like Gecko) Chrome/87.0.4280.88 Safari/537.36",,[],,91b49e4b-8bbe-4a28-8204-2cddcf7b35bf,false,AwsConsoleAction,666595451426,Management
root,ASIAZWNBPMIRCPIDXXYR,2021-01-13T10:14:30Z,billingconsole.amazonaws.com,GetAccountMarketplaceGroup,us-east-1,140.118.110.164,"Mozilla/5.0 (Windows NT 10.0; Win64; x64) AppleWebKit/537.36 (KHTML, like Gecko) Chrome/87.0.4280.88 Safari/537.36",,[],,adbdf8be-f8ab-405d-a46b-bfb73de5128a,false,AwsConsoleAction,666595451426,Management
root,ASIAZWNBPMIRCPIDXXYR,2021-01-13T10:14:30Z,billingconsole.amazonaws.com,GetDefaultCurrency,us-east-1,140.118.110.164,"Mozilla/5.0 (Windows NT 10.0; Win64; x64) AppleWebKit/537.36 (KHTML, like Gecko) Chrome/87.0.4280.88 Safari/537.36",,[],,d1e4102c-b620-42cc-aef2-cb92f314baa4,false,AwsConsoleAction,666595451426,Management
root,ASIAZWNBPMIRCPIDXXYR,2021-01-13T10:14:03Z,billingconsole.amazonaws.com,CreatePaymentMethod,us-east-1,140.118.110.164,"Mozilla/5.0 (Windows NT 10.0; Win64; x64) AppleWebKit/537.36 (KHTML, like Gecko) Chrome/87.0.4280.88 Safari/537.36",,[],,4d8b595e-e9de-4587-a4a0-53c97d89e9d8,false,AwsConsoleAction,666595451426,Management
root,ASIAZWNBPMIRCPIDXXYR,2021-01-13T10:14:01Z,billingconsole.amazonaws.com,CreateBillingContactAddress,us-east-1,140.118.110.164,"Mozilla/5.0 (Windows NT 10.0; Win64; x64) AppleWebKit/537.36 (KHTML, like Gecko) Chrome/87.0.4280.88 Safari/537.36",,[],,37ff4e40-618e-4211-ab68-4d61431cd977,false,AwsConsoleAction,666595451426,Management
root,ASIAZWNBPMIRCPIDXXYR,2021-01-13T10:10:29Z,billingconsole.amazonaws.com,AWSPaymentInstrumentGateway.Get,us-east-1,140.118.110.164,"Mozilla/5.0 (Windows NT 10.0; Win64; x64) AppleWebKit/537.36 (KHTML, like Gecko) Chrome/87.0.4280.88 Safari/537.36",,[],,7f838e7f-a701-4203-8b41-6a414285f37f,false,AwsConsoleAction,666595451426,Management
root,ASIAZWNBPMIRCPIDXXYR,2021-01-13T10:10:29Z,billingconsole.amazonaws.com,GetBillingAddress,us-east-1,140.118.110.164,"Mozilla/5.0 (Windows NT 10.0; Win64; x64) AppleWebKit/537.36 (KHTML, like Gecko) Chrome/87.0.4280.88 Safari/537.36",,[],,9df3c30f-2201-4528-a22f-81a51c8df6ad,false,AwsConsoleAction,666595451426,Management
root,ASIAZWNBPMIRCPIDXXYR,2021-01-13T10:10:28Z,billingconsole.amazonaws.com,GetAllPurchaseOrders,us-east-1,140.118.110.164,"Mozilla/5.0 (Windows NT 10.0; Win64; x64) AppleWebKit/537.36 (KHTML, like Gecko) Chrome/87.0.4280.88 Safari/537.36",,[],,764b652a-43d7-4202-a494-04fce98d41df,false,AwsConsoleAction,666595451426,Management
root,ASIAZWNBPMIRCPIDXXYR,2021-01-13T10:10:28Z,billingconsole.amazonaws.com,GetDefaultCurrency,us-east-1,140.118.110.164,"Mozilla/5.0 (Windows NT 10.0; Win64; x64) AppleWebKit/537.36 (KHTML, like Gecko) Chrome/87.0.4280.88 Safari/537.36",,[],,8c63b150-35ec-4937-8238-cf6cff852a55,false,AwsConsoleAction,666595451426,Management
root,ASIAZWNBPMIRCPIDXXYR,2021-01-13T10:10:28Z,billingconsole.amazonaws.com,AWSPaymentPreferenceGateway.Get,us-east-1,140.118.110.164,"Mozilla/5.0 (Windows NT 10.0; Win64; x64) AppleWebKit/537.36 (KHTML, like Gecko) Chrome/87.0.4280.88 Safari/537.36",,[],,ca578667-7250-416b-8630-8817e113292f,false,AwsConsoleAction,666595451426,Management
root,ASIAZWNBPMIRCPIDXXYR,2021-01-13T10:10:28Z,billingconsole.amazonaws.com,GetDefaultInstrument,us-east-1,140.118.110.164,"Mozilla/5.0 (Windows NT 10.0; Win64; x64) AppleWebKit/537.36 (KHTML, like Gecko) Chrome/87.0.4280.88 Safari/537.36",,[],,e93199db-163c-4b13-9d7a-c9acc307c47a,false,AwsConsoleAction,666595451426,Management
root,ASIAZWNBPMIRCPIDXXYR,2021-01-13T10:10:28Z,billingconsole.amazonaws.com,GetAccountMarketplaceGroup,us-east-1,140.118.110.164,"Mozilla/5.0 (Windows NT 10.0; Win64; x64) AppleWebKit/537.36 (KHTML, like Gecko) Chrome/87.0.4280.88 Safari/537.36",,[],,f7596f1b-5396-41c0-97c3-d3f57dbb929c,false,AwsConsoleAction,666595451426,Management
root,,2021-01-13T10:08:26Z,signin.amazonaws.com,ConsoleLogin,us-east-1,140.118.110.164,"Mozilla/5.0 (Windows NT 10.0; Win64; x64) AppleWebKit/537.36 (KHTML, like Gecko) Chrome/87.0.4280.88 Safari/537.36",,[],,27d0c1dc-7d54-4d63-9916-2c443159bda6,false,AwsConsoleSignIn,666595451426,Management
root,ASIAZWNBPMIRAPOA3DUK,2021-01-09T13:41:22Z,billingconsole.amazonaws.com,MakePayment,us-east-1,49.216.31.227,"Mozilla/5.0 (iPhone; CPU iPhone OS 14_2 like Mac OS X) AppleWebKit/605.1.15 (KHTML, like Gecko) Version/14.0.1 Mobile/15E148 Safari/604.1",,[],,302a465e-413e-45b9-abc2-65874c0d9021,false,AwsConsoleAction,666595451426,Management
root,,2021-01-09T13:40:31Z,signin.amazonaws.com,ConsoleLogin,us-east-1,49.216.31.227,"Mozilla/5.0 (iPhone; CPU iPhone OS 14_2 like Mac OS X) AppleWebKit/605.1.15 (KHTML, like Gecko) Version/14.0.1 Mobile/15E148 Safari/604.1",,[],,a0efaa54-85a6-443d-ad1e-b1842101d418,false,AwsConsoleSignIn,666595451426,Management
root,,2021-01-05T09:45:54Z,signin.amazonaws.com,ConsoleLogin,us-east-1,140.118.110.164,"Mozilla/5.0 (Windows NT 10.0; Win64; x64) AppleWebKit/537.36 (KHTML, like Gecko) Chrome/87.0.4280.88 Safari/537.36",,[],,26f05e69-addc-4bc6-82ee-ecb2543a7527,false,AwsConsoleSignIn,666595451426,Management
root,,2021-01-04T03:37:42Z,signin.amazonaws.com,ConsoleLogin,us-east-1,140.118.110.164,"Mozilla/5.0 (Windows NT 10.0; Win64; x64) AppleWebKit/537.36 (KHTML, like Gecko) Chrome/87.0.4280.88 Safari/537.36",,[],,6aeec9cd-08e5-4df5-8144-f702dae9d822,false,AwsConsoleSignIn,666595451426,Management
root,ASIAZWNBPMIRBYFHZUHB,2021-01-03T02:15:28Z,budgets.amazonaws.com,DeleteSubscriber,us-east-1,118.232.30.160,Coral/Netty4,,[],dd11d9f2-c456-48a6-84a3-818880bae508,8108283e-1c2b-4150-a66a-8189b5bbc771,false,AwsApiCall,666595451426,Management
root,ASIAZWNBPMIRBYFHZUHB,2021-01-03T02:15:28Z,budgets.amazonaws.com,UpdateBudget,us-east-1,118.232.30.160,Coral/Netty4,,[],1af2834c-0265-45cc-a92b-1e42f819d501,d252637d-b65f-48ed-982b-836550e64ade,false,AwsApiCall,666595451426,Management
root,ASIAZWNBPMIRBYFHZUHB,2021-01-03T02:12:15Z,budgets.amazonaws.com,CreateBudget,us-east-1,118.232.30.160,Coral/Netty4,,[],06a6f164-4e7a-460c-9a48-f9d175f3cc38,d60ee135-b78e-4581-abda-1bd051012969,false,AwsApiCall,666595451426,Management
root,ASIAIX7WRROVPOPJFD4A,2021-01-03T01:30:30Z,iam.amazonaws.com,CreateServiceLinkedRole,us-east-1,apigateway.amazonaws.com,apigateway.amazonaws.com,,[],d2b3f004-bd33-4c23-9fa0-6d0565690df3,e850af7f-a5d0-4322-a1f0-c9409ab0e7e1,false,AwsApiCall,666595451426,Management
root,ASIAZWNBPMIRIMXVIRWO,2021-01-03T01:30:29Z,iam.amazonaws.com,CreatePolicy,us-east-1,118.232.30.160,Coral/Jakarta,,"[{""resourceType"":""AWS::IAM::Policy"",""resourceName"":""ANPAZWNBPMIRK43FORBPZ""},{""resourceType"":""AWS::IAM::Policy"",""resourceName"":""arn:aws:iam::666595451426:policy/service-role/AWS-Chatbot-NotificationsOnly-Policy-7e4ba770-46c4-440c-a2e7-850817628c5f""},{""resourceType"":""AWS::IAM::Policy"",""resourceName"":""AWS-Chatbot-NotificationsOnly-Policy-7e4ba770-46c4-440c-a2e7-850817628c5f""}]",7ea4eb49-b327-4a20-b4e7-d63cab5da4d6,391dfd5a-a0f3-4154-be8b-9b9bb8478a62,false,AwsApiCall,666595451426,Management
root,ASIAZWNBPMIRIMXVIRWO,2021-01-03T01:30:29Z,iam.amazonaws.com,AttachRolePolicy,us-east-1,118.232.30.160,Coral/Jakarta,,"[{""resourceType"":""AWS::IAM::Policy"",""resourceName"":""arn:aws:iam::666595451426:policy/service-role/AWS-Chatbot-NotificationsOnly-Policy-7e4ba770-46c4-440c-a2e7-850817628c5f""},{""resourceType"":""AWS::IAM::Role"",""resourceName"":""SlackChatbot""}]",7ea4eb49-b327-4a20-b4e7-d63cab5da4d6,9ebfaa38-9195-4d62-b016-a521de1981a5,false,AwsApiCall,666595451426,Management
root,ASIAZWNBPMIRIMXVIRWO,2021-01-03T01:30:29Z,iam.amazonaws.com,CreateRole,us-east-1,118.232.30.160,Coral/Jakarta,,"[{""resourceType"":""AWS::IAM::Role"",""resourceName"":""AROAZWNBPMIRLZMLOJPME""},{""resourceType"":""AWS::IAM::Role"",""resourceName"":""arn:aws:iam::666595451426:role/service-role/SlackChatbot""},{""resourceType"":""AWS::IAM::Role"",""resourceName"":""AWS Chatbot Execution Role""},{""resourceType"":""AWS::IAM::Role"",""resourceName"":""SlackChatbot""}]",7ea4eb49-b327-4a20-b4e7-d63cab5da4d6,df9368ea-3a3e-44b4-9367-30b1140f06de,false,AwsApiCall,666595451426,Management
root,ASIAZWNBPMIRBYFHZUHB,2021-01-03T01:19:59Z,budgets.amazonaws.com,DeleteBudget,us-east-1,118.232.30.160,Coral/Netty4,,[],5f354532-0c5a-4e2f-a72c-0cae2d2669f7,6ee7d0c9-40d3-4f02-95a6-2140ebd3f82e,false,AwsApiCall,666595451426,Management
root,ASIAZWNBPMIRBYFHZUHB,2021-01-03T00:47:24Z,budgets.amazonaws.com,CreateBudget,us-east-1,118.232.30.160,Coral/Netty4,,[],eeb89879-15ca-4357-93e7-98eb115b339d,8d0f9101-c830-4d0d-a9e1-0e5a5a7cfa55,false,AwsApiCall,666595451426,Management
root,,2021-01-03T00:34:47Z,signin.amazonaws.com,ConsoleLogin,us-east-1,118.232.30.160,"Mozilla/5.0 (Windows NT 10.0; Win64; x64) AppleWebKit/537.36 (KHTML, like Gecko) Chrome/87.0.4280.88 Safari/537.36",,[],,ff16846e-333e-4bf0-9511-484fe39ebc53,false,AwsConsoleSignIn,666595451426,Management
root,,2021-01-02T23:35:25Z,signin.amazonaws.com,ConsoleLogin,us-east-1,118.232.30.160,"Mozilla/5.0 (iPhone; CPU iPhone OS 14_2 like Mac OS X) AppleWebKit/605.1.15 (KHTML, like Gecko) Version/14.0.1 Mobile/15E148 Safari/604.1",,[],,9d65f16c-9666-4b1b-9ec3-db7e1d8e5ab2,false,AwsConsoleSignIn,666595451426,Management
root,ASIAZWNBPMIRCDXQBYNT,2020-12-27T10:16:52Z,billingconsole.amazonaws.com,AWSPaymentInstrumentGateway.Get,us-east-1,123.194.176.11,"Mozilla/5.0 (Windows NT 10.0; Win64; x64) AppleWebKit/537.36 (KHTML, like Gecko) Chrome/87.0.4280.88 Safari/537.36",,[],,951a5c13-a23e-4a1c-a01a-fc86d8a33dc6,false,AwsConsoleAction,666595451426,Management
root,ASIAZWNBPMIRCDXQBYNT,2020-12-27T10:16:52Z,billingconsole.amazonaws.com,GetBillingAddress,us-east-1,123.194.176.11,"Mozilla/5.0 (Windows NT 10.0; Win64; x64) AppleWebKit/537.36 (KHTML, like Gecko) Chrome/87.0.4280.88 Safari/537.36",,[],,fe0061e4-2315-4fbc-b9df-3d8165a3964c,false,AwsConsoleAction,666595451426,Management
root,ASIAZWNBPMIRCDXQBYNT,2020-12-27T10:16:51Z,billingconsole.amazonaws.com,GetAllPurchaseOrders,us-east-1,123.194.176.11,"Mozilla/5.0 (Windows NT 10.0; Win64; x64) AppleWebKit/537.36 (KHTML, like Gecko) Chrome/87.0.4280.88 Safari/537.36",,[],,1836fcdf-899f-4667-a5d1-0f9c5a8fd6df,false,AwsConsoleAction,666595451426,Management
root,ASIAZWNBPMIRCDXQBYNT,2020-12-27T10:16:51Z,billingconsole.amazonaws.com,AWSPaymentPreferenceGateway.Get,us-east-1,123.194.176.11,"Mozilla/5.0 (Windows NT 10.0; Win64; x64) AppleWebKit/537.36 (KHTML, like Gecko) Chrome/87.0.4280.88 Safari/537.36",,[],,291a0834-eca2-4c5b-b15b-06ca68f17be7,false,AwsConsoleAction,666595451426,Management
root,ASIAZWNBPMIRCDXQBYNT,2020-12-27T10:16:51Z,billingconsole.amazonaws.com,GetAccountMarketplaceGroup,us-east-1,123.194.176.11,"Mozilla/5.0 (Windows NT 10.0; Win64; x64) AppleWebKit/537.36 (KHTML, like Gecko) Chrome/87.0.4280.88 Safari/537.36",,[],,c3962f0c-c4c0-4ba6-a5b3-3db7865436ed,false,AwsConsoleAction,666595451426,Management
root,ASIAZWNBPMIRCDXQBYNT,2020-12-27T10:16:51Z,billingconsole.amazonaws.com,GetDefaultInstrument,us-east-1,123.194.176.11,"Mozilla/5.0 (Windows NT 10.0; Win64; x64) AppleWebKit/537.36 (KHTML, like Gecko) Chrome/87.0.4280.88 Safari/537.36",,[],,f245821c-e292-422d-8e67-e2f1cc2f2dd3,false,AwsConsoleAction,666595451426,Management
root,ASIAZWNBPMIRCDXQBYNT,2020-12-27T10:16:51Z,billingconsole.amazonaws.com,GetDefaultCurrency,us-east-1,123.194.176.11,"Mozilla/5.0 (Windows NT 10.0; Win64; x64) AppleWebKit/537.36 (KHTML, like Gecko) Chrome/87.0.4280.88 Safari/537.36",,[],,f76e0539-3ed3-421d-bfd5-ab5b3b4e472d,false,AwsConsoleAction,666595451426,Management
root,ASIAZWNBPMIRPS6MWSU5,2020-12-27T10:15:57Z,support.amazonaws.com,ResolveCase,us-east-1,123.194.176.11,"AWS-SupportCenterConsole, aws-internal/3",,[],1cbf8110-dd6e-47a4-8a75-499220e39fb0,6e3373a8-46cc-4294-83f7-9fbb4f4497c2,false,AwsApiCall,666595451426,Management
root,,2020-12-27T10:15:42Z,signin.amazonaws.com,ConsoleLogin,us-east-1,123.194.176.11,"Mozilla/5.0 (Windows NT 10.0; Win64; x64) AppleWebKit/537.36 (KHTML, like Gecko) Chrome/87.0.4280.88 Safari/537.36",,[],,36a1baf6-276c-4247-9513-c20d267763c5,false,AwsConsoleSignIn,666595451426,Management
root,,2020-12-27T10:15:31Z,signin.amazonaws.com,ConsoleLogin,us-east-1,123.194.176.11,"Mozilla/5.0 (Windows NT 10.0; Win64; x64) AppleWebKit/537.36 (KHTML, like Gecko) Chrome/87.0.4280.88 Safari/537.36",,[],,744d615b-c8d8-4a0e-adbb-b25bd4453d31,false,AwsConsoleSignIn,666595451426,Management
root,ASIAZWNBPMIRPAQRVYXF,2020-12-24T02:48:12Z,logs.amazonaws.com,StartQuery,us-east-1,140.118.110.164,"Mozilla/5.0 (Windows NT 10.0; Win64; x64) AppleWebKit/537.36 (KHTML, like Gecko) Chrome/87.0.4280.88 Safari/537.36",ResourceNotFoundException,[],c9a1ddcf-12ae-404f-b75e-ab4d3ad7992a,0d25b8f5-73cb-41cb-bbaf-c903d9fff859,false,AwsApiCall,666595451426,Management
root,ASIAZWNBPMIRPAQRVYXF,2020-12-24T02:48:06Z,events.amazonaws.com,TestEventPattern,us-east-1,140.118.110.164,AWS CloudWatch Console,,[],708ec561-0099-4d82-9a96-f39e8272c7ec,f8abd382-e682-428e-b618-03223c27601e,false,AwsApiCall,666595451426,Management
root,,2020-12-24T02:19:51Z,signin.amazonaws.com,ConsoleLogin,us-east-1,140.118.110.164,"Mozilla/5.0 (Windows NT 10.0; Win64; x64) AppleWebKit/537.36 (KHTML, like Gecko) Chrome/87.0.4280.88 Safari/537.36",,[],,e282fede-5c6d-412f-b46b-e9fc41ab774d,false,AwsConsoleSignIn,666595451426,Management
root,ASIAZWNBPMIRB5YEJY7F,2020-12-23T11:22:58Z,support.amazonaws.com,CreateCase,us-east-1,140.118.110.164,"AWS-SupportCenterConsole, aws-internal/3",,[],9a98cd5c-951f-49f8-86d4-0ffcbd7f5357,1bc62c66-3435-4c6b-a6cd-293fe5b67c1c,false,AwsApiCall,666595451426,Management
root,ASIAZWNBPMIRB5YEJY7F,2020-12-23T11:22:56Z,support.amazonaws.com,AddAttachmentsToSet,us-east-1,140.118.110.164,"AWS-SupportCenterConsole, aws-internal/3",,[],0083fc88-b762-406d-931b-0fb72e8b2015,7c957664-c920-40eb-98d3-e8c65cfd7b31,false,AwsApiCall,666595451426,Management
root,ASIAZWNBPMIRP44VYP65,2020-12-23T02:44:20Z,billingconsole.amazonaws.com,GetFreeTierAlertPreference,us-east-1,140.118.110.164,"Mozilla/5.0 (Windows NT 10.0; Win64; x64) AppleWebKit/537.36 (KHTML, like Gecko) Chrome/87.0.4280.88 Safari/537.36",,[],,b89ec93f-5af0-47f3-909a-1cece1baabaa,false,AwsConsoleAction,666595451426,Management
root,,2020-12-23T02:42:19Z,signin.amazonaws.com,ConsoleLogin,us-east-1,140.118.110.164,"Mozilla/5.0 (Windows NT 10.0; Win64; x64) AppleWebKit/537.36 (KHTML, like Gecko) Chrome/87.0.4280.88 Safari/537.36",,[],,43c16d56-31a4-4b82-899a-760585c6274b,false,AwsConsoleSignIn,666595451426,Management
root,,2020-12-22T07:27:23Z,signin.amazonaws.com,ConsoleLogin,us-east-1,140.118.110.164,"Mozilla/5.0 (Windows NT 10.0; Win64; x64) AppleWebKit/537.36 (KHTML, like Gecko) Chrome/87.0.4280.88 Safari/537.36",,[],,c6748486-dceb-4a95-afe9-43e9bfd6d327,false,AwsConsoleSignIn,666595451426,Management
root,,2020-12-22T03:29:23Z,signin.amazonaws.com,ConsoleLogin,us-east-1,140.118.110.164,"Mozilla/5.0 (Windows NT 10.0; Win64; x64) AppleWebKit/537.36 (KHTML, like Gecko) Chrome/87.0.4280.88 Safari/537.36",,[],,58159140-0c5f-4e33-a33a-1fb3bd1af903,false,AwsConsoleSignIn,666595451426,Management
root,ASIAZWNBPMIRDBE5F55K,2020-12-21T02:44:56Z,iam.amazonaws.com,CreateRole,us-east-1,140.118.110.164,"aws-internal/3 aws-sdk-java/1.11.893 Linux/4.9.217-0.3.ac.206.84.332.metal1.x86_64 OpenJDK_64-Bit_Server_VM/25.272-b10 java/1.8.0_272 vendor/Oracle_Corporation, AWSLambdaConsole/1.1",,[],6860ba8a-1129-4dd7-9350-3a69d080a590,0f439974-d66f-4bdb-a143-7b7294c7206d,false,AwsApiCall,666595451426,Management
root,ASIAZWNBPMIRDBE5F55K,2020-12-21T02:44:56Z,iam.amazonaws.com,CreatePolicy,us-east-1,140.118.110.164,"aws-internal/3 aws-sdk-java/1.11.893 Linux/4.9.217-0.3.ac.206.84.332.metal1.x86_64 OpenJDK_64-Bit_Server_VM/25.272-b10 java/1.8.0_272 vendor/Oracle_Corporation, AWSLambdaConsole/1.1",,"[{""resourceType"":""AWS::IAM::Policy"",""resourceName"":""AWSLambdaBasicExecutionRole-975e965b-bc34-4744-9c8b-661ccf98b819""},{""resourceType"":""AWS::IAM::Policy"",""resourceName"":""arn:aws:iam::666595451426:policy/service-role/AWSLambdaBasicExecutionRole-975e965b-bc34-4744-9c8b-661ccf98b819""},{""resourceType"":""AWS::IAM::Policy"",""resourceName"":""ANPAZWNBPMIRLJEDMNA7Y""}]",6860ba8a-1129-4dd7-9350-3a69d080a590,94cd81af-8b14-42c8-8ca9-4ea68c4d2ddc,false,AwsApiCall,666595451426,Management
root,ASIAZWNBPMIRDBE5F55K,2020-12-21T02:44:56Z,iam.amazonaws.com,AttachRolePolicy,us-east-1,140.118.110.164,"aws-internal/3 aws-sdk-java/1.11.893 Linux/4.9.217-0.3.ac.206.84.332.metal1.x86_64 OpenJDK_64-Bit_Server_VM/25.272-b10 java/1.8.0_272 vendor/Oracle_Corporation, AWSLambdaConsole/1.1",,"[{""resourceType"":""AWS::IAM::Policy"",""resourceName"":""arn:aws:iam::666595451426:policy/service-role/AWSLambdaBasicExecutionRole-975e965b-bc34-4744-9c8b-661ccf98b819""},{""resourceType"":""AWS::IAM::Role"",""resourceName"":""udacity-role-pi1p35vl""}]",6860ba8a-1129-4dd7-9350-3a69d080a590,d2734120-94f4-47c0-b0ac-082522ec6999,false,AwsApiCall,666595451426,Management
root,,2020-12-21T02:12:31Z,signin.amazonaws.com,ConsoleLogin,us-east-1,140.118.110.164,"Mozilla/5.0 (Windows NT 10.0; Win64; x64) AppleWebKit/537.36 (KHTML, like Gecko) Chrome/87.0.4280.88 Safari/537.36",,[],,cf952a37-b20d-4de7-980e-daa5ed691df9,false,AwsConsoleSignIn,666595451426,Management
root,,2020-12-21T02:12:15Z,signin.amazonaws.com,ConsoleLogin,us-east-1,140.118.110.164,"Mozilla/5.0 (Windows NT 10.0; Win64; x64) AppleWebKit/537.36 (KHTML, like Gecko) Chrome/87.0.4280.88 Safari/537.36",,[],,fe091442-20d4-4c54-be1d-e15aa6d811bc,false,AwsConsoleSignIn,666595451426,Management
root,ASIAZWNBPMIRP5BCSG6V,2020-12-20T10:50:46Z,cloudfront.amazonaws.com,UpdateDistribution,us-east-1,220.129.10.242,console.amazonaws.com,,[],59068863-fb2e-4333-90cf-427af9328fcb,b38737a6-6987-4ff0-acf1-2d179298e06b,false,AwsApiCall,666595451426,Management
root,ASIAZWNBPMIRP5BCSG6V,2020-12-20T10:49:15Z,cloudfront.amazonaws.com,UpdateDistribution,us-east-1,220.129.10.242,console.amazonaws.com,,[],97fd607f-995b-47b3-995f-212f561a0716,68724a12-8c56-402a-a27f-480dc183c785,false,AwsApiCall,666595451426,Management
root,ASIAZWNBPMIRP5BCSG6V,2020-12-20T10:47:20Z,cloudfront.amazonaws.com,UpdateDistribution,us-east-1,220.129.10.242,console.amazonaws.com,,[],fa3c80ab-0a1e-44b9-b2fb-20a81ea72a18,7532d58c-4fe5-43cc-a33e-34ee50292e80,false,AwsApiCall,666595451426,Management
root,ASIAZWNBPMIRP5BCSG6V,2020-12-20T10:46:12Z,cloudfront.amazonaws.com,UpdateDistribution,us-east-1,220.129.10.242,console.amazonaws.com,,[],2fc2986e-b05f-44c2-995a-1740e4efa6f7,faccc162-f283-4325-8864-8390dd95883a,false,AwsApiCall,666595451426,Management
root,ASIAZWNBPMIRP5BCSG6V,2020-12-20T10:45:11Z,cloudfront.amazonaws.com,CreateDistribution,us-east-1,220.129.10.242,console.amazonaws.com,,[],03d2b6a0-a2f6-4257-8f98-f19f7a735498,1103a9b0-0ddf-407d-87d4-9d826c9b986f,false,AwsApiCall,666595451426,Management
root,ASIAII3GYDCA4WRUZIGA,2020-12-20T10:22:19Z,iam.amazonaws.com,CreateServiceLinkedRole,us-east-1,rds.amazonaws.com,rds.amazonaws.com,InvalidInputException,[],fb37077b-3f67-423c-a230-6b97d4c3561e,d377146e-8805-45b5-a20b-80bf6b56dff3,false,AwsApiCall,666595451426,Management
root,ASIAIEBA3ITRL7PPZ6NA,2020-12-20T10:22:13Z,iam.amazonaws.com,CreateServiceLinkedRole,us-east-1,rds.amazonaws.com,rds.amazonaws.com,,[],8aa6cc52-56d3-4594-af5f-8af7209226c9,f1fb39ee-a488-4af7-8f5a-a157d273d9c9,false,AwsApiCall,666595451426,Management
root,ASIAZWNBPMIRCFUW6TVO,2020-12-20T10:22:12Z,iam.amazonaws.com,AttachRolePolicy,us-east-1,101.10.14.125,aws-internal/3 aws-sdk-java/1.11.848 Linux/4.9.230-0.1.ac.223.84.332.metal1.x86_64 OpenJDK_64-Bit_Server_VM/25.202-b08 java/1.8.0_202 vendor/Oracle_Corporation,,"[{""resourceType"":""AWS::IAM::Policy"",""resourceName"":""arn:aws:iam::aws:policy/service-role/AmazonRDSEnhancedMonitoringRole""},{""resourceType"":""AWS::IAM::Role"",""resourceName"":""rds-monitoring-role""}]",82967261-e743-4eba-915c-41fde4caeecd,a2687bd2-70bd-4b00-b575-5f344ebdc5c8,false,AwsApiCall,666595451426,Management
root,ASIAZWNBPMIRCFUW6TVO,2020-12-20T10:22:11Z,iam.amazonaws.com,CreateRole,us-east-1,101.10.14.125,aws-internal/3 aws-sdk-java/1.11.848 Linux/4.9.217-0.3.ac.206.84.332.metal1.x86_64 OpenJDK_64-Bit_Server_VM/25.202-b08 java/1.8.0_202 vendor/Oracle_Corporation,,"[{""resourceType"":""AWS::IAM::Role"",""resourceName"":""arn:aws:iam::666595451426:role/rds-monitoring-role""},{""resourceType"":""AWS::IAM::Role"",""resourceName"":""AROAZWNBPMIRB2P43QJ5F""},{""resourceType"":""AWS::IAM::Role"",""resourceName"":""rds-monitoring-role""}]",a29dff2a-523d-488f-809d-37fa446faab6,5f77bab2-10eb-434d-88ba-46c21dd88504,false,AwsApiCall,666595451426,Management
root,ASIAIPIB6RZPDWNOYJ3Q,2020-12-20T09:05:32Z,iam.amazonaws.com,CreateServiceLinkedRole,us-east-1,dynamodb.amazonaws.com,dynamodb.amazonaws.com,InvalidInputException,[],6d24cc0d-6d97-48bd-bb1f-5e212e33a1bb,ab7a3eb3-431c-4d5c-b573-2c406f24189b,false,AwsApiCall,666595451426,Management
root,ASIAIPIB6RZPDWNOYJ3Q,2020-12-20T09:05:30Z,iam.amazonaws.com,CreateServiceLinkedRole,us-east-1,dynamodb.amazonaws.com,dynamodb.amazonaws.com,InvalidInputException,[],6838774f-d6c9-4890-9914-a864ff22d896,0e4a5b6a-45d5-4c77-b701-6ca81887efe2,false,AwsApiCall,666595451426,Management
root,ASIAIPIB6RZPDWNOYJ3Q,2020-12-20T09:05:29Z,iam.amazonaws.com,CreateServiceLinkedRole,us-east-1,dynamodb.amazonaws.com,dynamodb.amazonaws.com,InvalidInputException,[],7cd2b7f0-5c72-4cdc-9414-d1d7f71ce7be,0f9510e5-04fa-4c67-b1c8-69b0f043812e,false,AwsApiCall,666595451426,Management
root,ASIAIPIB6RZPDWNOYJ3Q,2020-12-20T09:05:28Z,iam.amazonaws.com,CreateServiceLinkedRole,us-east-1,dynamodb.amazonaws.com,dynamodb.amazonaws.com,,[],262a2b00-580e-4cf6-ae5b-682c302c8ecb,2046c4e9-ed00-4855-971e-ee8a67cf1511,false,AwsApiCall,666595451426,Management
root,ASIAZWNBPMIRIT5PWPQU,2020-12-20T08:12:30Z,billingconsole.amazonaws.com,GetFreeTierAlertPreference,us-east-1,101.10.14.125,"Mozilla/5.0 (Windows NT 10.0; Win64; x64) AppleWebKit/537.36 (KHTML, like Gecko) Chrome/87.0.4280.88 Safari/537.36",,[],,6ae62fb2-7a4c-450b-abaf-e069e7c4344f,false,AwsConsoleAction,666595451426,Management
root,ASIAZWNBPMIRIT5PWPQU,2020-12-20T08:12:27Z,billingconsole.amazonaws.com,GetFreeTierAlertPreference,us-east-1,101.10.14.125,"Mozilla/5.0 (Windows NT 10.0; Win64; x64) AppleWebKit/537.36 (KHTML, like Gecko) Chrome/87.0.4280.88 Safari/537.36",,[],,03e1958b-3878-4686-a883-8b0e3c1635f6,false,AwsConsoleAction,666595451426,Management
root,ASIAZWNBPMIRIT5PWPQU,2020-12-20T08:11:22Z,billingconsole.amazonaws.com,GetFreeTierAlertPreference,us-east-1,101.10.14.125,"Mozilla/5.0 (Windows NT 10.0; Win64; x64) AppleWebKit/537.36 (KHTML, like Gecko) Chrome/87.0.4280.88 Safari/537.36",,[],,a5ff0d0b-2dc4-40ec-8253-b3e715fc35f5,false,AwsConsoleAction,666595451426,Management
root,ASIAJAWW3X4JN7JYWZDQ,2020-12-20T08:00:43Z,iam.amazonaws.com,CreateServiceLinkedRole,us-east-1,ec.amazonaws.com,ec.amazonaws.com,,[],f2fbe8aa-a1c3-41fc-ab2f-41134bdaddc9,22badc73-0169-43bb-8f15-7e4ef506423a,false,AwsApiCall,666595451426,Management
root,,2020-12-20T06:40:26Z,signin.amazonaws.com,ConsoleLogin,us-east-1,101.10.14.125,"Mozilla/5.0 (Windows NT 10.0; Win64; x64) AppleWebKit/537.36 (KHTML, like Gecko) Chrome/87.0.4280.88 Safari/537.36",,[],,265edff2-d5c3-4a36-99bb-155579fb248c,false,AwsConsoleSignIn,666595451426,Management
root,ASIAZWNBPMIRE2QYO4VS,2020-12-18T02:05:10Z,iam.amazonaws.com,CreatePolicy,us-east-1,140.118.110.164,console.amazonaws.com,,"[{""resourceType"":""AWS::IAM::Policy"",""resourceName"":""arn:aws:iam::666595451426:policy/Udacity-temp""},{""resourceType"":""AWS::IAM::Policy"",""resourceName"":""ANPAZWNBPMIRNNVUSR7BD""},{""resourceType"":""AWS::IAM::Policy"",""resourceName"":""Udacity-temp""}]",6df146d4-fbca-41a7-9c8a-0ab217f13342,04cbc87d-f391-4f14-82ac-a001124f7be1,false,AwsApiCall,666595451426,Management
root,ASIAZWNBPMIRF7XJXGVI,2020-12-18T01:59:13Z,billingconsole.amazonaws.com,GetFreeTierAlertPreference,us-east-1,140.118.110.164,"Mozilla/5.0 (Windows NT 10.0; Win64; x64) AppleWebKit/537.36 (KHTML, like Gecko) Chrome/87.0.4280.88 Safari/537.36",,[],,115a5b13-2361-45af-8bc9-6a64033ba34a,false,AwsConsoleAction,666595451426,Management
root,,2020-12-18T01:54:56Z,signin.amazonaws.com,ConsoleLogin,us-east-1,140.118.110.164,"Mozilla/5.0 (Windows NT 10.0; Win64; x64) AppleWebKit/537.36 (KHTML, like Gecko) Chrome/87.0.4280.88 Safari/537.36",,[],,0dfc6822-0639-4269-8a90-112640791f9d,false,AwsConsoleSignIn,666595451426,Management
root,ASIAZWNBPMIRIAQZ4BHT,2020-12-15T06:38:16Z,billingconsole.amazonaws.com,RedeemPromoCode,us-east-1,140.118.110.164,"Mozilla/5.0 (Windows NT 10.0; Win64; x64) AppleWebKit/537.36 (KHTML, like Gecko) Chrome/87.0.4280.88 Safari/537.36",,[],,eecd5421-95c3-47b0-8c9b-b8b1fe11f7f8,false,AwsConsoleAction,666595451426,
root,ASIAZWNBPMIRIAQZ4BHT,2020-12-15T06:37:29Z,billingconsole.amazonaws.com,GetBillingAddress,us-east-1,140.118.110.164,"Mozilla/5.0 (Windows NT 10.0; Win64; x64) AppleWebKit/537.36 (KHTML, like Gecko) Chrome/87.0.4280.88 Safari/537.36",,[],,354745f9-5796-4fc1-8b6b-714eef3746d1,false,AwsConsoleAction,666595451426,
root,ASIAZWNBPMIRIAQZ4BHT,2020-12-15T06:37:29Z,billingconsole.amazonaws.com,GetDefaultInstrument,us-east-1,140.118.110.164,"Mozilla/5.0 (Windows NT 10.0; Win64; x64) AppleWebKit/537.36 (KHTML, like Gecko) Chrome/87.0.4280.88 Safari/537.36",,[],,90626bcf-5442-461e-b711-5f543610096e,false,AwsConsoleAction,666595451426,
root,ASIAZWNBPMIRIAQZ4BHT,2020-12-15T06:37:29Z,billingconsole.amazonaws.com,AWSPaymentInstrumentGateway.Get,us-east-1,140.118.110.164,"Mozilla/5.0 (Windows NT 10.0; Win64; x64) AppleWebKit/537.36 (KHTML, like Gecko) Chrome/87.0.4280.88 Safari/537.36",,[],,9aa9181d-0ac2-4ba3-b8b4-2e0d57834a4c,false,AwsConsoleAction,666595451426,
root,ASIAZWNBPMIRIAQZ4BHT,2020-12-15T06:37:29Z,billingconsole.amazonaws.com,GetDefaultCurrency,us-east-1,140.118.110.164,"Mozilla/5.0 (Windows NT 10.0; Win64; x64) AppleWebKit/537.36 (KHTML, like Gecko) Chrome/87.0.4280.88 Safari/537.36",,[],,affabef0-8759-4875-8cfe-2b6fd2ed72a2,false,AwsConsoleAction,666595451426,
root,ASIAZWNBPMIRIAQZ4BHT,2020-12-15T06:37:28Z,billingconsole.amazonaws.com,GetAccountMarketplaceGroup,us-east-1,140.118.110.164,"Mozilla/5.0 (Windows NT 10.0; Win64; x64) AppleWebKit/537.36 (KHTML, like Gecko) Chrome/87.0.4280.88 Safari/537.36",,[],,5b0469aa-770b-469a-a4fd-8e5829c1eb1f,false,AwsConsoleAction,666595451426,
root,ASIAZWNBPMIRIAQZ4BHT,2020-12-15T06:37:28Z,billingconsole.amazonaws.com,GetAllPurchaseOrders,us-east-1,140.118.110.164,"Mozilla/5.0 (Windows NT 10.0; Win64; x64) AppleWebKit/537.36 (KHTML, like Gecko) Chrome/87.0.4280.88 Safari/537.36",,[],,818476a5-99a6-4a1e-b3a7-6578cebd0fac,false,AwsConsoleAction,666595451426,
root,ASIAZWNBPMIRIAQZ4BHT,2020-12-15T06:37:28Z,billingconsole.amazonaws.com,AWSPaymentPreferenceGateway.Get,us-east-1,140.118.110.164,"Mozilla/5.0 (Windows NT 10.0; Win64; x64) AppleWebKit/537.36 (KHTML, like Gecko) Chrome/87.0.4280.88 Safari/537.36",,[],,cc38c0c2-d0e3-4c32-9631-9efafeb5708e,false,AwsConsoleAction,666595451426,
root,ASIAZWNBPMIRIAQZ4BHT,2020-12-15T06:37:27Z,billingconsole.amazonaws.com,GetFreeTierAlertPreference,us-east-1,140.118.110.164,"Mozilla/5.0 (Windows NT 10.0; Win64; x64) AppleWebKit/537.36 (KHTML, like Gecko) Chrome/87.0.4280.88 Safari/537.36",,[],,0053b5bc-e1e5-495b-bea9-44ad629a6463,false,AwsConsoleAction,666595451426,
root,ASIAZWNBPMIRIAQZ4BHT,2020-12-15T06:36:33Z,billingconsole.amazonaws.com,GetFreeTierAlertPreference,us-east-1,140.118.110.164,"Mozilla/5.0 (Windows NT 10.0; Win64; x64) AppleWebKit/537.36 (KHTML, like Gecko) Chrome/87.0.4280.88 Safari/537.36",,[],,c2f737f4-b1ce-4261-a22d-707e0c12a825,false,AwsConsoleAction,666595451426,
root,,2020-12-15T04:00:51Z,signin.amazonaws.com,ConsoleLogin,us-east-1,140.118.110.164,"Mozilla/5.0 (Windows NT 10.0; Win64; x64) AppleWebKit/537.36 (KHTML, like Gecko) Chrome/87.0.4280.88 Safari/537.36",,[],,f0c454f8-973c-495e-aece-d1cd0775f7f9,,AwsConsoleSignIn,666595451426,
root,,2020-12-15T04:00:45Z,signin.amazonaws.com,ConsoleLogin,us-east-1,140.118.110.164,"Mozilla/5.0 (Windows NT 10.0; Win64; x64) AppleWebKit/537.36 (KHTML, like Gecko) Chrome/87.0.4280.88 Safari/537.36",,[],,6cb4d8c9-b072-4b19-8a3f-92d41eebaeec,,AwsConsoleSignIn,666595451426,
root,,2020-12-04T07:09:43Z,signin.amazonaws.com,ConsoleLogin,us-east-1,140.118.110.164,"Mozilla/5.0 (Windows NT 10.0; Win64; x64) AppleWebKit/537.36 (KHTML, like Gecko) Chrome/87.0.4280.88 Safari/537.36",,[],,20d2bf3f-c683-4c19-bd3b-c76d98f16175,false,AwsConsoleSignIn,666595451426,Management
root,,2020-12-04T07:09:33Z,signin.amazonaws.com,ConsoleLogin,us-east-1,140.118.110.164,"Mozilla/5.0 (Windows NT 10.0; Win64; x64) AppleWebKit/537.36 (KHTML, like Gecko) Chrome/87.0.4280.88 Safari/537.36",,[],,3297b588-b070-40b8-bf06-23a1107d6e36,false,AwsConsoleSignIn,666595451426,Management
root,ASIAZWNBPMIRE4BYEIVM,2020-12-02T12:37:42Z,billingconsole.amazonaws.com,GetFreeTierAlertPreference,us-east-1,140.118.110.164,"Mozilla/5.0 (Windows NT 10.0; Win64; x64) AppleWebKit/537.36 (KHTML, like Gecko) Chrome/87.0.4280.66 Safari/537.36",,[],,7425c642-7a5b-4b0e-8c37-a670fc8290bc,false,AwsConsoleAction,666595451426,Management
root,ASIAZWNBPMIRE4BYEIVM,2020-12-02T12:34:51Z,billingconsole.amazonaws.com,GetBillingAddress,us-east-1,140.118.110.164,"Mozilla/5.0 (Windows NT 10.0; Win64; x64) AppleWebKit/537.36 (KHTML, like Gecko) Chrome/87.0.4280.66 Safari/537.36",,[],,41658081-2463-4ed2-a674-7cf0e07a4a93,false,AwsConsoleAction,666595451426,Management
root,ASIAZWNBPMIRE4BYEIVM,2020-12-02T12:34:51Z,billingconsole.amazonaws.com,AWSPaymentInstrumentGateway.Get,us-east-1,140.118.110.164,"Mozilla/5.0 (Windows NT 10.0; Win64; x64) AppleWebKit/537.36 (KHTML, like Gecko) Chrome/87.0.4280.66 Safari/537.36",,[],,e16b3a8e-5bec-42af-a5b8-5041a164cc2a,false,AwsConsoleAction,666595451426,Management
root,ASIAZWNBPMIRE4BYEIVM,2020-12-02T12:34:50Z,billingconsole.amazonaws.com,GetAccountMarketplaceGroup,us-east-1,140.118.110.164,"Mozilla/5.0 (Windows NT 10.0; Win64; x64) AppleWebKit/537.36 (KHTML, like Gecko) Chrome/87.0.4280.66 Safari/537.36",,[],,129eb845-661d-4395-a912-30cb3c639b72,false,AwsConsoleAction,666595451426,Management
root,ASIAZWNBPMIRE4BYEIVM,2020-12-02T12:34:50Z,billingconsole.amazonaws.com,GetDefaultCurrency,us-east-1,140.118.110.164,"Mozilla/5.0 (Windows NT 10.0; Win64; x64) AppleWebKit/537.36 (KHTML, like Gecko) Chrome/87.0.4280.66 Safari/537.36",,[],,33c76d0f-eab8-489b-bb2e-76c72ebcd577,false,AwsConsoleAction,666595451426,Management
root,ASIAZWNBPMIRE4BYEIVM,2020-12-02T12:34:50Z,billingconsole.amazonaws.com,GetDefaultInstrument,us-east-1,140.118.110.164,"Mozilla/5.0 (Windows NT 10.0; Win64; x64) AppleWebKit/537.36 (KHTML, like Gecko) Chrome/87.0.4280.66 Safari/537.36",,[],,36eed5ae-d82c-4ca9-bad4-8332767067b6,false,AwsConsoleAction,666595451426,Management
root,ASIAZWNBPMIRE4BYEIVM,2020-12-02T12:34:50Z,billingconsole.amazonaws.com,GetAllPurchaseOrders,us-east-1,140.118.110.164,"Mozilla/5.0 (Windows NT 10.0; Win64; x64) AppleWebKit/537.36 (KHTML, like Gecko) Chrome/87.0.4280.66 Safari/537.36",,[],,80f76a86-1eb5-4d60-a066-f353f75987e4,false,AwsConsoleAction,666595451426,Management
root,ASIAZWNBPMIRE4BYEIVM,2020-12-02T12:34:50Z,billingconsole.amazonaws.com,AWSPaymentPreferenceGateway.Get,us-east-1,140.118.110.164,"Mozilla/5.0 (Windows NT 10.0; Win64; x64) AppleWebKit/537.36 (KHTML, like Gecko) Chrome/87.0.4280.66 Safari/537.36",,[],,8eb154c4-fea5-4186-8494-b90ea4d28f05,false,AwsConsoleAction,666595451426,Management
root,ASIAZWNBPMIRE4BYEIVM,2020-12-02T12:32:13Z,billingconsole.amazonaws.com,SetFreeTierAlertPreference,us-east-1,140.118.110.164,"Mozilla/5.0 (Windows NT 10.0; Win64; x64) AppleWebKit/537.36 (KHTML, like Gecko) Chrome/87.0.4280.66 Safari/537.36",,[],,c722c4bd-e581-4ae3-912d-417b318fbfda,false,AwsConsoleAction,666595451426,Management
root,ASIAZWNBPMIRE4BYEIVM,2020-12-02T12:31:55Z,billingconsole.amazonaws.com,GetFreeTierAlertPreference,us-east-1,140.118.110.164,"Mozilla/5.0 (Windows NT 10.0; Win64; x64) AppleWebKit/537.36 (KHTML, like Gecko) Chrome/87.0.4280.66 Safari/537.36",BadRequest,[],,22bc38ff-054a-4448-9ed4-0e066e24bde4,false,AwsConsoleAction,666595451426,Management
root,,2020-12-02T12:16:31Z,signin.amazonaws.com,ConsoleLogin,us-east-1,140.118.110.164,"Mozilla/5.0 (Windows NT 10.0; Win64; x64) AppleWebKit/537.36 (KHTML, like Gecko) Chrome/87.0.4280.66 Safari/537.36",,[],,978d42bd-8767-4719-9e9f-bd364b9aaabc,false,AwsConsoleSignIn,666595451426,Management